"TreeID","PlotID","East","North","Elev","Lon","Lat","Alt","Pdop","HRMS","VRMS","Species","Circumference","DBH","Kraft","Date","Observer","geometry"
1,"LW12",350082.02,5775773.63,NA,6.81060979,52.11215533,NA,0.98,0.91,1.4,"Pinus sylvestris",0.81,0.258,1,2024-11-13,"Studienprojekt2024",c(350082.02, 5775773.63)
2,"LW12",350084.48,5775770.56,NA,6.81064702,52.11212842,NA,1,0.87,1.4,"Pinus sylvestris",0.65,0.207,3,2024-11-13,"Studienprojekt2024",c(350084.48, 5775770.56)
3,"LW12",350086.2,5775767.71,NA,6.81067351,52.11210327,NA,1.05,1.2,1.9,"Pinus sylvestris",0.74,0.236,2,2024-11-13,"Studienprojekt2024",c(350086.2, 5775767.71)
4,"LW12",350084.66,5775768.23,NA,6.81065075,52.11210757,NA,0.96,0.69,0.96,"Betula pubescens",0.18,0.057,5,2024-11-13,"Studienprojekt2024",c(350084.66, 5775768.23)
5,"LW12",350086.9,5775768.27,NA,6.81068341,52.11210855,NA,0.94,0.59,1,"Betula pubescens",0.24,0.076,5,2024-11-13,"Studienprojekt2024",c(350086.9, 5775768.27)
6,"LW12",350087.75,5775772.54,NA,6.810694,52.11214713,NA,0.92,0.44,0.78,"Pinus sylvestris",0.69,0.22,2,2024-11-13,"Studienprojekt2024",c(350087.75, 5775772.54)
7,"LW12",350087.5,5775771.15,NA,6.8106909,52.11213454,NA,0.89,0.64,1.1,"Pinus sylvestris",0.54,0.172,1,2024-11-13,"Studienprojekt2024",c(350087.5, 5775771.15)
8,"LW12",350089.83,5775773.55,NA,6.81072385,52.11215672,NA,0.94,0.53,0.91,"Pinus sylvestris",0.71,0.226,1,2024-11-13,"Studienprojekt2024",c(350089.83, 5775773.55)
9,"LW12",350087.28,5775776.4,NA,6.81068539,52.11218167,NA,0.85,0.52,0.8,"Pinus sylvestris",0.68,0.216,2,2024-11-13,"Studienprojekt2024",c(350087.28, 5775776.4)
10,"LW12",350089.68,5775778.69,NA,6.81071938,52.11220286,NA,0.94,0.47,0.72,"Betula pubescens",0.245,0.078,4,2024-11-13,"Studienprojekt2024",c(350089.68, 5775778.69)
11,"LW12",350089.21,5775778.08,NA,6.81071283,52.11219731,NA,0.89,0.49,0.69,"Betula pubescens",0.17,0.054,5,2024-11-13,"Studienprojekt2024",c(350089.21, 5775778.08)
12,"LW12",350077.56,5775776.1,NA,6.81054362,52.1121763,NA,0.92,0.69,1.2,"Pinus sylvestris",0.71,0.226,2,2024-11-13,"Studienprojekt2024",c(350077.56, 5775776.1)
13,"LW12",350076.88,5775775.5,NA,6.81053396,52.11217075,NA,0.89,0.66,1,"Pinus sylvestris",0.59,0.188,2,2024-11-13,"Studienprojekt2024",c(350076.88, 5775775.5)
14,"LW12",350075.56,5775777.36,NA,6.81051386,52.11218713,NA,0.93,0.57,0.83,"Pinus sylvestris",0.47,0.15,2,2024-11-13,"Studienprojekt2024",c(350075.56, 5775777.36)
15,"LW12",350077.82,5775780.55,NA,6.81054553,52.11221636,NA,0.93,0.63,0.96,"Pinus sylvestris",0.715,0.228,1,2024-11-13,"Studienprojekt2024",c(350077.82, 5775780.55)
16,"LW12",350078.72,5775781.21,NA,6.81055833,52.11222258,NA,0.96,0.66,1,"Pinus sylvestris",0.515,0.164,2,2024-11-13,"Studienprojekt2024",c(350078.72, 5775781.21)
17,"LW12",350080.53,5775780.8,NA,6.81058489,52.1122194,NA,0.94,0.67,1,"Betula pubescens",0.195,0.062,4,2024-11-13,"Studienprojekt2024",c(350080.53, 5775780.8)
18,"LW12",350081.62,5775779.88,NA,6.81060128,52.11221142,NA,0.95,0.63,0.95,"Pinus sylvestris",0.61,0.194,2,2024-11-13,"Studienprojekt2024",c(350081.62, 5775779.88)
19,"LW12",350084.36,5775782.65,NA,6.81064,52.11223698,NA,0.95,0.64,0.98,"Pinus sylvestris",0.85,0.271,1,2024-11-13,"Studienprojekt2024",c(350084.36, 5775782.65)
20,"LW12",350079.12,5775781.69,NA,6.81056397,52.11222699,NA,0.95,0.67,0.98,"Pinus sylvestris",0.51,0.162,2,2024-11-13,"Studienprojekt2024",c(350079.12, 5775781.69)
21,"LW12",350079.17,5775784.67,NA,6.81056341,52.11225379,NA,0.9,0.65,0.97,"Pinus sylvestris",0.57,0.181,2,2024-11-13,"Studienprojekt2024",c(350079.17, 5775784.67)
22,"LW12",350078.79,5775785.83,NA,6.81055735,52.11226407,NA,0.91,0.7,1,"Pinus sylvestris",0.49,0.156,2,2024-11-13,"Studienprojekt2024",c(350078.79, 5775785.83)
23,"LW12",350079.54,5775784.72,NA,6.81056876,52.11225434,NA,0.94,0.71,1.1,"Pinus sylvestris",0.8,0.255,2,2024-11-13,"Studienprojekt2024",c(350079.54, 5775784.72)
24,"LW12",350075.74,5775782.51,NA,6.81051422,52.11223345,NA,0.94,0.6,0.89,"Pinus sylvestris",0.49,0.156,3,2024-11-13,"Studienprojekt2024",c(350075.74, 5775782.51)
25,"LW12",350074.37,5775780.32,NA,6.81049521,52.11221334,NA,0.93,0.71,1,"Betula pubescens",0.23,0.073,4,2024-11-13,"Studienprojekt2024",c(350074.37, 5775780.32)
26,"LW12",350076.51,5775773.26,NA,6.81052959,52.11215049,NA,0.93,0.63,0.97,"Pinus sylvestris",0.61,0.194,1,2024-11-13,"Studienprojekt2024",c(350076.51, 5775773.26)
27,"LW12",350073.28,5775772.61,NA,6.81048269,52.11214385,NA,0.92,0.64,1,"Pinus sylvestris",0.65,0.207,2,2024-11-13,"Studienprojekt2024",c(350073.28, 5775772.61)
28,"LW12",350070.01,5775774.52,NA,6.8104342,52.1121601,NA,0.98,0.57,0.81,"Betula pubescens",0.195,0.062,4,2024-11-13,"Studienprojekt2024",c(350070.01, 5775774.52)
29,"LW12",350069.95,5775772.2,NA,6.81043433,52.11213922,NA,0.99,0.55,0.82,"Pinus sylvestris",0.71,0.226,1,2024-11-13,"Studienprojekt2024",c(350069.95, 5775772.2)
30,"LW12",350069.04,5775769.35,NA,6.81042226,52.11211333,NA,0.94,0.6,0.84,"Pinus sylvestris",0.64,0.204,2,2024-11-13,"Studienprojekt2024",c(350069.04, 5775769.35)
31,"LW12",350069.88,5775767.29,NA,6.81043547,52.11209506,NA,0.93,0.6,0.85,"Pinus sylvestris",0.67,0.213,2,2024-11-13,"Studienprojekt2024",c(350069.88, 5775767.29)
32,"LW12",350067.73,5775767.59,NA,6.810404,52.11209724,NA,0.96,0.61,0.83,"Pinus sylvestris",0.53,0.169,3,2024-11-13,"Studienprojekt2024",c(350067.73, 5775767.59)
33,"LW12",350071.85,5775766.5,NA,6.81046462,52.11208855,NA,0.91,0.49,0.67,"Betula pubescens",0.2,0.064,4,2024-11-13,"Studienprojekt2024",c(350071.85, 5775766.5)
34,"LW12",350075.76,5775762.29,NA,6.8105235,52.11205177,NA,0.9,0.65,0.91,"Betula pubescens",0.21,0.067,4,2024-11-13,"Studienprojekt2024",c(350075.76, 5775762.29)
35,"LW12",350077.34,5775764.56,NA,6.81054551,52.11207262,NA,0.9,0.66,0.86,"Pinus sylvestris",0.585,0.186,1,2024-11-13,"Studienprojekt2024",c(350077.34, 5775764.56)
36,"LW12",350080.56,5775762.06,NA,6.81059364,52.11205104,NA,0.93,0.81,1,"Pinus sylvestris",0.475,0.151,2,2024-11-13,"Studienprojekt2024",c(350080.56, 5775762.06)
37,"LW12",350081.28,5775761.5,NA,6.81060441,52.11204621,NA,0.89,0.74,1.1,"Pinus sylvestris",0.505,0.161,2,2024-11-13,"Studienprojekt2024",c(350081.28, 5775761.5)
38,"LW12",350081.28,5775762.98,NA,6.8106037,52.11205948,NA,0.89,0.71,0.98,"Pinus sylvestris",0.59,0.188,2,2024-11-13,"Studienprojekt2024",c(350081.28, 5775762.98)
39,"LW12",350083.32,5775760.35,NA,6.8106346,52.11203642,NA,0.87,0.73,1,"Pinus sylvestris",0.775,0.247,1,2024-11-13,"Studienprojekt2024",c(350083.32, 5775760.35)
40,"LW12",350082.91,5775767.18,NA,6.81062565,52.11209766,NA,0.86,0.73,1,"Pinus sylvestris",0.4,0.127,3,2024-11-13,"Studienprojekt2024",c(350082.91, 5775767.18)
41,"LW12",350084.1,5775767.56,NA,6.8106429,52.11210141,NA,0.82,0.52,0.68,"Betula pubescens",0.165,0.053,5,2024-11-13,"Studienprojekt2024",c(350084.1, 5775767.56)
42,"LW12",350085.56,5775767.76,NA,6.81066412,52.11210361,NA,0.84,0.57,0.74,"Pinus sylvestris",0.735,0.234,1,2024-11-13,"Studienprojekt2024",c(350085.56, 5775767.76)
43,"LW12",350087.28,5775768.97,NA,6.8106887,52.11211492,NA,0.84,0.57,0.71,"Betula pubescens",0.24,0.076,4,2024-11-13,"Studienprojekt2024",c(350087.28, 5775768.97)
44,"LW12",350090.28,5775768.23,NA,6.81073274,52.11210909,NA,0.84,0.59,0.72,"Pinus sylvestris",0.64,0.204,1,2024-11-13,"Studienprojekt2024",c(350090.28, 5775768.23)
45,"LW12",350089.97,5775769.9,NA,6.81072745,52.11212397,NA,0.82,0.55,0.71,"Pinus sylvestris",0.57,0.181,2,2024-11-13,"Studienprojekt2024",c(350089.97, 5775769.9)
46,"LW12",350088.53,5775772.48,NA,6.81070529,52.11214677,NA,0.83,0.55,0.73,"Pinus sylvestris",0.695,0.221,2,2024-11-13,"Studienprojekt2024",c(350088.53, 5775772.48)
47,"LW18",350061.04,5775828.21,NA,6.8102797,52.11263998,NA,0.86,0.65,0.81,"Pinus sylvestris",1.2,0.382,1,2024-11-13,"Studienprojekt2024",c(350061.04, 5775828.21)
48,"LW18",350059.96,5775828.72,NA,6.81026363,52.11264432,NA,0.86,0.59,0.74,"Betula pendula",0.165,0.053,4,2024-11-13,"Studienprojekt2024",c(350059.96, 5775828.72)
49,"LW18",350061.96,5775829.68,NA,6.81029247,52.11265346,NA,0.85,0.54,0.69,"Betula pendula",0.265,0.084,4,2024-11-13,"Studienprojekt2024",c(350061.96, 5775829.68)
50,"LW18",350063.7,5775832.49,NA,6.81031655,52.11267915,NA,0.88,0.51,0.64,"Pinus sylvestris",0.785,0.25,2,2024-11-13,"Studienprojekt2024",c(350063.7, 5775832.49)
51,"LW18",350062.15,5775835.51,NA,6.81029262,52.11270594,NA,0.87,0.49,0.67,"Betula pubescens",0.18,0.057,4,2024-11-13,"Studienprojekt2024",c(350062.15, 5775835.51)
52,"LW18",350061.75,5775836.18,NA,6.81028645,52.11271184,NA,0.83,0.47,0.62,"Betula pendula",0.15,0.048,5,2024-11-13,"Studienprojekt2024",c(350061.75, 5775836.18)
53,"LW18",350062.74,5775842.49,NA,6.81029816,52.11276877,NA,0.83,0.57,0.74,"Pinus sylvestris",1.065,0.339,1,2024-11-13,"Studienprojekt2024",c(350062.74, 5775842.49)
54,"LW18",350062.69,5775844.8,NA,6.81029649,52.11278948,NA,0.79,0.49,0.68,"Picea abies",0.28,0.089,4,2024-11-13,"Studienprojekt2024",c(350062.69, 5775844.8)
55,"LW18",350056.3,5775843,NA,6.81020391,52.11277161,NA,0.81,0.52,0.74,"Betula pendula",0.205,0.065,4,2024-11-13,"Studienprojekt2024",c(350056.3, 5775843)
56,"LW18",350056.01,5775842.23,NA,6.81020003,52.11276458,NA,0.81,0.61,0.89,"Betula pendula",0.2,0.064,4,2024-11-13,"Studienprojekt2024",c(350056.01, 5775842.23)
57,"LW18",350054.98,5775843.16,NA,6.81018459,52.11277272,NA,0.81,0.64,0.92,"Betula pendula",0.16,0.051,4,2024-11-13,"Studienprojekt2024",c(350054.98, 5775843.16)
58,"LW18",350051.06,5775842.41,NA,6.81012774,52.1127649,NA,0.82,0.71,0.97,"Pinus sylvestris",1.315,0.419,1,2024-11-13,"Studienprojekt2024",c(350051.06, 5775842.41)
59,"LW18",350052.77,5775844.66,NA,6.81015175,52.11278553,NA,0.81,0.7,0.93,"Betula pendula",0.16,0.051,4,2024-11-13,"Studienprojekt2024",c(350052.77, 5775844.66)
60,"LW18",350049.22,5775846.02,NA,6.81009936,52.11279686,NA,0.79,0.6,0.86,"Betula pendula",0.165,0.053,4,2024-11-13,"Studienprojekt2024",c(350049.22, 5775846.02)
61,"LW18",350043.27,5775847.53,NA,6.81001184,52.11280881,NA,0.78,1,1.2,"Pinus sylvestris",1.155,0.368,1,2024-11-13,"Studienprojekt2024",c(350043.27, 5775847.53)
62,"LW18",350044.11,5775839.62,NA,6.81002758,52.11273795,NA,0.78,0.6,0.76,"Pinus sylvestris",1.135,0.361,1,2024-11-13,"Studienprojekt2024",c(350044.11, 5775839.62)
63,"LW18",350041.51,5775832.44,NA,6.80999274,52.1126727,NA,0.78,0.68,0.82,"Pinus sylvestris",1.03,0.328,1,2024-11-13,"Studienprojekt2024",c(350041.51, 5775832.44)
64,"LW18",350041.33,5775830.07,NA,6.80999128,52.11265141,NA,0.77,0.87,1,"Betula pendula",0.18,0.057,4,2024-11-13,"Studienprojekt2024",c(350041.33, 5775830.07)
65,"LW18",350043.48,5775830,NA,6.81002257,52.11265136,NA,0.8,0.85,1.1,"Betula pendula",0.165,0.053,4,2024-11-13,"Studienprojekt2024",c(350043.48, 5775830)
66,"LW18",350046.35,5775832.93,NA,6.81006328,52.11267848,NA,0.82,0.5,0.68,"Betula pendula",0.23,0.073,4,2024-11-13,"Studienprojekt2024",c(350046.35, 5775832.93)
67,"LW18",350044.35,5775827.3,NA,6.81003656,52.1126273,NA,0.82,0.61,0.86,"Pinus sylvestris",1.56,0.497,1,2024-11-13,"Studienprojekt2024",c(350044.35, 5775827.3)
68,"LW18",350049.61,5775828.89,NA,6.8101125,52.11264303,NA,0.82,0.67,0.97,"Sorbus aucuparia",0.235,0.075,4,2024-11-13,"Studienprojekt2024",c(350049.61, 5775828.89)
69,"LW18",350050.53,5775830.34,NA,6.81012533,52.11265633,NA,0.8,0.63,0.82,"Betula pendula",0.23,0.073,4,2024-11-13,"Studienprojekt2024",c(350050.53, 5775830.34)
70,"LW18",350050.63,5775831.67,NA,6.81012623,52.11266829,NA,0.8,0.61,0.78,"Betula pendula",0.235,0.075,4,2024-11-13,"Studienprojekt2024",c(350050.63, 5775831.67)
71,"LW18",350051.33,5775833.02,NA,6.81013586,52.11268064,NA,0.8,0.6,0.82,"Pinus sylvestris",1,0.318,2,2024-11-13,"Studienprojekt2024",c(350051.33, 5775833.02)
72,"LW18",350051.84,5775836.11,NA,6.81014195,52.11270848,NA,0.8,0.57,0.77,"Betula pendula",0.195,0.062,4,2024-11-13,"Studienprojekt2024",c(350051.84, 5775836.11)
73,"LW18",350051.08,5775823.11,NA,6.81013662,52.1125915,NA,0.79,0.48,0.64,"Betula pendula",0.16,0.051,4,2024-11-13,"Studienprojekt2024",c(350051.08, 5775823.11)
74,"LW18",350052.11,5775815.01,NA,6.81015516,52.112519,NA,0.79,0.51,0.58,"Betula pendula",0.41,0.131,3,2024-11-13,"Studienprojekt2024",c(350052.11, 5775815.01)
75,"LW18",350053.21,5775814.94,NA,6.81017127,52.1125187,NA,0.79,0.49,0.59,"Betula pendula",0.24,0.076,4,2024-11-13,"Studienprojekt2024",c(350053.21, 5775814.94)
76,"LW18",350055.46,5775813.54,NA,6.81020464,52.11250673,NA,0.79,0.45,0.61,"Betula pendula",0.205,0.065,4,2024-11-13,"Studienprojekt2024",c(350055.46, 5775813.54)
77,"LW18",350049.95,5775812.89,NA,6.81012454,52.11249938,NA,0.81,0.57,0.72,"Pinus sylvestris",1.12,0.357,1,2024-11-13,"Studienprojekt2024",c(350049.95, 5775812.89)
78,"LW18",350050.57,5775808.51,NA,6.8101356,52.11246015,NA,0.86,0.69,0.91,"Pinus sylvestris",1.56,0.497,1,2024-11-13,"Studienprojekt2024",c(350050.57, 5775808.51)
79,"LW18",350055.32,5775811.33,NA,6.81020362,52.11248684,NA,0.85,0.59,0.86,"Pinus sylvestris",0.985,0.314,2,2024-11-13,"Studienprojekt2024",c(350055.32, 5775811.33)
80,"LW18",350064.33,5775812.24,NA,6.81033463,52.11249745,NA,0.84,0.5,0.67,"Pinus sylvestris",1.15,0.366,1,2024-11-13,"Studienprojekt2024",c(350064.33, 5775812.24)
81,"LW18",350065.82,5775828.25,NA,6.81034938,52.11264171,NA,0.87,0.47,0.63,"Pinus sylvestris",0.84,0.267,2,2024-11-13,"Studienprojekt2024",c(350065.82, 5775828.25)
82,"LW18",350068.18,5775826.41,NA,6.8103846,52.11262574,NA,0.88,0.52,0.77,"Betula pendula",0.275,0.088,4,2024-11-13,"Studienprojekt2024",c(350068.18, 5775826.41)
83,"LW18",350068.76,5775825.92,NA,6.81039335,52.1126215,NA,0.88,0.68,0.92,"Pinus sylvestris",1.27,0.404,1,2024-11-13,"Studienprojekt2024",c(350068.76, 5775825.92)
84,"LW19",349984.78,5775730.29,NA,6.80921,52.11173958,NA,0.85,0.56,0.8,"Pinus sylvestris",0.64,0.204,2,2024-11-13,"Studienprojekt2024",c(349984.78, 5775730.29)
85,"LW19",349982.52,5775729.73,NA,6.80917719,52.11173398,NA,0.86,0.55,0.8,"Betula pendula",0.185,0.059,4,2024-11-13,"Studienprojekt2024",c(349982.52, 5775729.73)
86,"LW19",349989.6,5775729.76,NA,6.80928057,52.11173611,NA,0.86,0.64,0.9,"Pinus sylvestris",1.075,0.342,1,2024-11-13,"Studienprojekt2024",c(349989.6, 5775729.76)
87,"LW19",349987.81,5775725.25,NA,6.80925634,52.1116951,NA,0.86,0.65,0.85,"Pinus sylvestris",0.73,0.232,2,2024-11-13,"Studienprojekt2024",c(349987.81, 5775725.25)
88,"LW19",349990.94,5775726.62,NA,6.80930153,52.11170828,NA,0.86,0.55,0.77,"Betula pendula",0.295,0.094,3,2024-11-13,"Studienprojekt2024",c(349990.94, 5775726.62)
89,"LW19",349992.52,5775725.03,NA,6.80932524,52.11169446,NA,0.87,0.57,0.84,"Pinus sylvestris",0.795,0.253,2,2024-11-13,"Studienprojekt2024",c(349992.52, 5775725.03)
90,"LW19",349991.4,5775719.9,NA,6.80931114,52.11164803,NA,0.87,0.61,0.9,"Pinus sylvestris",1.25,0.398,1,2024-11-13,"Studienprojekt2024",c(349991.4, 5775719.9)
91,"LW19",349988.6,5775721.4,NA,6.80926967,52.11166078,NA,0.87,0.52,0.75,"Pinus sylvestris",0.785,0.25,2,2024-11-13,"Studienprojekt2024",c(349988.6, 5775721.4)
92,"LW19",349996.58,5775718.06,NA,6.8093876,52.11163289,NA,0.9,0.77,1,"Pinus sylvestris",1,0.318,1,2024-11-13,"Studienprojekt2024",c(349996.58, 5775718.06)
93,"LW19",349998.41,5775724.31,NA,6.80941155,52.11168959,NA,0.93,0.51,0.75,"Betula pendula",0.18,0.057,4,2024-11-13,"Studienprojekt2024",c(349998.41, 5775724.31)
94,"LW19",349998.48,5775730.76,NA,6.80940967,52.11174757,NA,0.88,0.69,0.93,"Pinus sylvestris",0.91,0.29,1,2024-11-13,"Studienprojekt2024",c(349998.48, 5775730.76)
95,"LW19",349995.79,5775739.66,NA,6.80936656,52.11182674,NA,0.91,0.69,1,"Pinus sylvestris",1.2,0.382,1,2024-11-13,"Studienprojekt2024",c(349995.79, 5775739.66)
96,"LW19",349983.42,5775736.98,NA,6.80918711,52.11179932,NA,0,0,0,"Betula pendula",0.33,0.105,3,2024-11-13,"Studienprojekt2024",c(349983.42, 5775736.98)
97,"LW19",349978.32,5775738.46,NA,6.80911207,52.11181127,NA,0,0,0,"Pinus sylvestris",0.99,0.315,2,2024-11-13,"Studienprojekt2024",c(349978.32, 5775738.46)
98,"LW19",349976.44,5775736.58,NA,6.80908546,52.11179387,NA,0,0,0,"Betula pendula",0.33,0.105,3,2024-11-13,"Studienprojekt2024",c(349976.44, 5775736.58)
99,"LW19",349970.65,5775734.21,NA,6.80900201,52.11177095,NA,0,0,0,"Pinus sylvestris",1.29,0.411,1,2024-11-13,"Studienprojekt2024",c(349970.65, 5775734.21)
100,"LW19",349970,5775727.77,NA,6.80899546,52.11171298,NA,0,0,0,"Pinus sylvestris",1.06,0.337,2,2024-11-13,"Studienprojekt2024",c(349970, 5775727.77)
101,"LW19",349977.08,5775721.49,NA,6.8091015,52.11165843,NA,0,0,0,"Betula pubescens",0.205,0.065,4,2024-11-13,"Studienprojekt2024",c(349977.08, 5775721.49)
102,"LW19",349979.06,5775721.78,NA,6.80913025,52.11166163,NA,0,0,0,"Pinus sylvestris",1.175,0.374,1,2024-11-13,"Studienprojekt2024",c(349979.06, 5775721.78)
103,"LW19",349984.55,5775710.9,NA,6.80921521,52.11156531,NA,0,0,0,"Pinus sylvestris",1.075,0.342,1,2024-11-13,"Studienprojekt2024",c(349984.55, 5775710.9)
104,"LW19",349980.25,5775715.85,NA,6.8091502,52.1116086,NA,0,0,0,"Pinus sylvestris",0.73,0.232,2,2024-11-13,"Studienprojekt2024",c(349980.25, 5775715.85)
105,"LW04",350267.6,5776280.38,NA,6.81309507,52.11675836,NA,0.95,0.72,1.3,"Alnus glutinosa",0.61,0.194,2,2024-11-13,"Studienprojekt2024",c(350267.6, 5776280.38)
106,"LW04",350271.29,5776279.74,NA,6.81314911,52.11675362,NA,0.96,0.7,1.2,"Alnus glutinosa",0.64,0.204,2,2024-11-13,"Studienprojekt2024",c(350271.29, 5776279.74)
107,"LW04",350273.14,5776280.36,NA,6.81317582,52.11675969,NA,0.96,0.58,0.95,"Betula pendula",0.38,0.121,2,2024-11-13,"Studienprojekt2024",c(350273.14, 5776280.36)
108,"LW04",350273.5,5776281.48,NA,6.81318058,52.11676988,NA,0.96,0.74,1.2,"Alnus glutinosa",0.38,0.121,3,2024-11-13,"Studienprojekt2024",c(350273.5, 5776281.48)
109,"LW04",350274.95,5776282.94,NA,6.8132012,52.11678337,NA,0.96,0.74,1.3,"Alnus glutinosa",0.39,0.124,3,2024-11-13,"Studienprojekt2024",c(350274.95, 5776282.94)
110,"LW04",350275.25,5776277.38,NA,6.81320804,52.11673347,NA,0.9,0.85,1.5,"Alnus glutinosa",0.47,0.15,2,2024-11-13,"Studienprojekt2024",c(350275.25, 5776277.38)
111,"LW04",350277.45,5776278.91,NA,6.8132394,52.11674781,NA,0.85,0.74,1.3,"Alnus glutinosa",0.485,0.154,2,2024-11-13,"Studienprojekt2024",c(350277.45, 5776278.91)
112,"LW04",350279.49,5776278.2,NA,6.81326952,52.11674201,NA,0.86,0.81,1.4,"Betula pendula",0.57,0.181,2,2024-11-13,"Studienprojekt2024",c(350279.49, 5776278.2)
113,"LW04",350281.14,5776276.37,NA,6.81329434,52.11672599,NA,0.86,0.83,1.3,"Alnus glutinosa",0.41,0.131,3,2024-11-13,"Studienprojekt2024",c(350281.14, 5776276.37)
114,"LW04",350280.56,5776275.51,NA,6.81328629,52.11671816,NA,0.86,0.95,1.5,"Betula pendula",0.54,0.172,3,2024-11-13,"Studienprojekt2024",c(350280.56, 5776275.51)
115,"LW04",350279.93,5776274.03,NA,6.81327777,52.11670468,NA,0.9,0.96,1.5,"Betula pubescens",0.33,0.105,3,2024-11-13,"Studienprojekt2024",c(350279.93, 5776274.03)
116,"LW04",350279.18,5776274.04,NA,6.81326683,52.11670458,NA,0.91,1.07,1.7,"Alnus glutinosa",0.48,0.153,3,2024-11-13,"Studienprojekt2024",c(350279.18, 5776274.04)
117,"LW04",350278.08,5776271.88,NA,6.81325177,52.11668488,NA,0.91,1.32,1.9,"Betula pubescens",0.34,0.108,2,2024-11-13,"Studienprojekt2024",c(350278.08, 5776271.88)
118,"LW04",350273.92,5776267.78,NA,6.81319284,52.11664693,NA,0.89,0.7,1.2,"Betula pubescens",0.37,0.118,2,2024-11-13,"Studienprojekt2024",c(350273.92, 5776267.78)
119,"LW04",350273.9,5776266.99,NA,6.81319288,52.11663979,NA,0.91,0.71,1.2,"Betula pubescens",0.23,0.073,3,2024-11-13,"Studienprojekt2024",c(350273.9, 5776266.99)
120,"LW04",350269.85,5776270.6,NA,6.81313221,52.11667115,NA,0.89,0.54,1,"Betula pendula",0.41,0.131,3,2024-11-13,"Studienprojekt2024",c(350269.85, 5776270.6)
121,"LW04",350270.2,5776271.72,NA,6.81313683,52.11668125,NA,0.89,0.62,1,"Picea abies",0.71,0.226,1,2024-11-13,"Studienprojekt2024",c(350270.2, 5776271.72)
122,"LW04",350267.75,5776266.4,NA,6.81310342,52.11663278,NA,0.89,0.61,1,"Alnus glutinosa",0.91,0.29,1,2024-11-13,"Studienprojekt2024",c(350267.75, 5776266.4)
123,"LW04",350264.44,5776268.72,NA,6.81305403,52.11665279,NA,0.9,0.54,0.94,"Alnus glutinosa",0.59,0.188,2,2024-11-13,"Studienprojekt2024",c(350264.44, 5776268.72)
124,"LW04",350265.41,5776272.65,NA,6.81306642,52.11668837,NA,0.9,0.61,1,"Betula pubescens",0.3,0.095,3,2024-11-13,"Studienprojekt2024",c(350265.41, 5776272.65)
125,"LW04",350264.83,5776271.64,NA,6.81305839,52.11667907,NA,0.9,0.62,1,"Alnus glutinosa",0.35,0.111,3,2024-11-13,"Studienprojekt2024",c(350264.83, 5776271.64)
126,"LW04",350263.45,5776273.26,NA,6.8130376,52.1166933,NA,0.9,0.56,0.95,"Alnus glutinosa",0.37,0.118,3,2024-11-13,"Studienprojekt2024",c(350263.45, 5776273.26)
127,"LW04",350260.48,5776267.89,NA,6.81299656,52.11664425,NA,0.9,0.56,0.9,"Alnus glutinosa",0.56,0.178,2,2024-11-13,"Studienprojekt2024",c(350260.48, 5776267.89)
128,"LW04",350259.85,5776268.09,NA,6.81298726,52.11664585,NA,0.9,0.5,0.84,"Alnus glutinosa",0.7,0.223,2,2024-11-13,"Studienprojekt2024",c(350259.85, 5776268.09)
129,"LW04",350260.94,5776265.15,NA,6.8130046,52.1166197,NA,0.9,0.58,0.94,"Alnus glutinosa",0.565,0.18,3,2024-11-13,"Studienprojekt2024",c(350260.94, 5776265.15)
130,"LW04",350258.62,5776267.68,NA,6.81296956,52.11664187,NA,0.9,0.59,0.94,"Alnus glutinosa",0.71,0.226,2,2024-11-13,"Studienprojekt2024",c(350258.62, 5776267.68)
131,"LW04",350258.63,5776270.08,NA,6.81296861,52.1166634,NA,0.91,0.73,1.3,"Betula pubescens",0.4,0.127,2,2024-11-13,"Studienprojekt2024",c(350258.63, 5776270.08)
132,"LW04",350262.38,5776270.65,NA,6.81302314,52.11666954,NA,0.91,0.62,1.2,"Betula pendula",0.265,0.084,3,2024-11-13,"Studienprojekt2024",c(350262.38, 5776270.65)
133,"LW04",350259.8,5776272.13,NA,6.81298483,52.11668214,NA,0.91,0.57,0.93,"Betula pendula",0.24,0.076,3,2024-11-13,"Studienprojekt2024",c(350259.8, 5776272.13)
134,"LW04",350260.73,5776271.99,NA,6.81299846,52.11668113,NA,0.92,0.6,0.97,"Betula pendula",0.26,0.083,4,2024-11-13,"Studienprojekt2024",c(350260.73, 5776271.99)
135,"LW04",350260.97,5776273,NA,6.81300146,52.11669026,NA,0.91,0.65,1,"Betula pendula",0.29,0.092,3,2024-11-13,"Studienprojekt2024",c(350260.97, 5776273)
136,"LW04",350261.29,5776272.18,NA,6.81300651,52.11668299,NA,0.91,0.91,1.4,"Betula pendula",0.245,0.078,4,2024-11-13,"Studienprojekt2024",c(350261.29, 5776272.18)
137,"LW04",350258.75,5776272.62,NA,6.81296925,52.11668627,NA,0.91,0.93,1.4,"Alnus glutinosa",0.365,0.116,2,2024-11-13,"Studienprojekt2024",c(350258.75, 5776272.62)
138,"LW04",350261.56,5776275.16,NA,6.81300914,52.1167098,NA,0.91,0.9,1.3,"Betula pubescens",0.21,0.067,3,2024-11-13,"Studienprojekt2024",c(350261.56, 5776275.16)
139,"LW04",350257.97,5776277.63,NA,6.81295565,52.11673102,NA,0.91,0.88,1.2,"Betula pubescens",0.265,0.084,3,2024-11-13,"Studienprojekt2024",c(350257.97, 5776277.63)
140,"LW04",350258.57,5776278.48,NA,6.81296405,52.11673889,NA,0.91,0.96,1.5,"Alnus glutinosa",0.235,0.075,3,2024-11-13,"Studienprojekt2024",c(350258.57, 5776278.48)
141,"LW04",350260.52,5776276.45,NA,6.81299346,52.11672114,NA,0.91,0.82,1.4,"Betula pubescens",0.475,0.151,3,2024-11-13,"Studienprojekt2024",c(350260.52, 5776276.45)
142,"LW04",350266,5776277,NA,6.81307314,52.11672755,NA,0.91,0.58,0.97,"Betula pubescens",0.315,0.1,3,2024-11-13,"Studienprojekt2024",c(350266, 5776277)
143,"LW04",350261.5,5776276.79,NA,6.81300753,52.11672451,NA,0.97,0.55,0.98,"Betula pubescens",0.35,0.111,4,2024-11-13,"Studienprojekt2024",c(350261.5, 5776276.79)
144,"LW04",350262.37,5776278.23,NA,6.81301963,52.11673765,NA,0.97,0.5,0.96,"Betula pubescens",0.23,0.073,3,2024-11-13,"Studienprojekt2024",c(350262.37, 5776278.23)
145,"LW04",350262.69,5776279.08,NA,6.81302392,52.11674533,NA,0.9,0.5,0.91,"Betula pubescens",0.215,0.068,4,2024-11-13,"Studienprojekt2024",c(350262.69, 5776279.08)
146,"LW04",350261.43,5776280.36,NA,6.81300501,52.11675657,NA,0.9,0.69,1.2,"Picea abies",0.43,0.137,3,2024-11-13,"Studienprojekt2024",c(350261.43, 5776280.36)
147,"LW04",350259.22,5776277.38,NA,6.81297405,52.1167292,NA,0.91,0.58,0.98,"Betula pubescens",0.25,0.08,4,2024-11-13,"Studienprojekt2024",c(350259.22, 5776277.38)
148,"LW04",350257.23,5776278.71,NA,6.81294445,52.11674052,NA,0.9,0.59,0.97,"Betula pubescens",0.3,0.095,4,2024-11-13,"Studienprojekt2024",c(350257.23, 5776278.71)
149,"LW04",350254.51,5776278.1,NA,6.81290496,52.11673436,NA,0.9,0.8,1.2,"Picea abies",0.47,0.15,3,2024-11-13,"Studienprojekt2024",c(350254.51, 5776278.1)
150,"LW04",350256.11,5776281.95,NA,6.81292665,52.11676941,NA,0.9,0.83,1.4,"Alnus glutinosa",0.58,0.185,2,2024-11-13,"Studienprojekt2024",c(350256.11, 5776281.95)
151,"LW04",350256.86,5776279.99,NA,6.81293849,52.11675199,NA,0.91,0.82,1.5,"Pinus sylvestris",0.51,0.162,2,2024-11-13,"Studienprojekt2024",c(350256.86, 5776279.99)
152,"LW04",350258.01,5776282.92,NA,6.81295401,52.11677857,NA,0.97,0.73,1.4,"Betula pubescens",0.41,0.131,3,2024-11-13,"Studienprojekt2024",c(350258.01, 5776282.92)
153,"LW04",350259.97,5776284.35,NA,6.81298193,52.11679196,NA,0.97,0.77,1.2,"Betula pubescens",0.31,0.099,4,2024-11-13,"Studienprojekt2024",c(350259.97, 5776284.35)
154,"LW04",350259.16,5776286.45,NA,6.81296916,52.11681064,NA,1.02,0.86,1.4,"Betula pubescens",0.27,0.086,3,2024-11-13,"Studienprojekt2024",c(350259.16, 5776286.45)
155,"LW04",350261.47,5776284.6,NA,6.81300378,52.11679465,NA,1.02,1.03,1.7,"Alnus glutinosa",0.325,0.103,3,2024-11-13,"Studienprojekt2024",c(350261.47, 5776284.6)
156,"LW04",350263.58,5776286.52,NA,6.81303366,52.11681249,NA,1.02,1.24,2,"Picea abies",0.375,0.119,2,2024-11-13,"Studienprojekt2024",c(350263.58, 5776286.52)
157,"LW04",350265.44,5776286.26,NA,6.81306096,52.11681066,NA,1.02,1.3,2.1,"Betula pubescens",0.325,0.103,4,2024-11-13,"Studienprojekt2024",c(350265.44, 5776286.26)
158,"LW04",350266.95,5776284.19,NA,6.81308384,52.11679243,NA,1.02,1.29,2.1,"Betula pubescens",0.34,0.108,3,2024-11-13,"Studienprojekt2024",c(350266.95, 5776284.19)
159,"LW04",350268.72,5776282.71,NA,6.81311029,52.11677962,NA,1.02,1.23,1.9,"Betula pubescens",0.33,0.105,4,2024-11-13,"Studienprojekt2024",c(350268.72, 5776282.71)
160,"LW04",350268.04,5776283.49,NA,6.81310007,52.11678647,NA,1.02,1.22,1.9,"Alnus glutinosa",0.36,0.115,2,2024-11-13,"Studienprojekt2024",c(350268.04, 5776283.49)
161,"LW04",350265.62,5776288.37,NA,6.81306268,52.11682961,NA,0.98,1.29,1.9,"Alnus glutinosa",0.31,0.099,3,2024-11-13,"Studienprojekt2024",c(350265.62, 5776288.37)
162,"LW04",350270.97,5776282.27,NA,6.81314332,52.1167763,NA,0.98,1.33,2.1,"Alnus glutinosa",0.41,0.131,2,2024-11-13,"Studienprojekt2024",c(350270.97, 5776282.27)
163,"LW04",350274.53,5776279.92,NA,6.81319637,52.11675615,NA,0.98,1.27,2,"Alnus glutinosa",0.39,0.124,2,2024-11-13,"Studienprojekt2024",c(350274.53, 5776279.92)
164,"LW04",350274.48,5776282.93,NA,6.81319431,52.11678313,NA,0.98,1.24,1.8,"Alnus glutinosa",0.49,0.156,2,2024-11-13,"Studienprojekt2024",c(350274.48, 5776282.93)
165,"LW04",350276.87,5776281.12,NA,6.81322994,52.11676752,NA,0.99,1.22,1.8,"Alnus glutinosa",0.245,0.078,3,2024-11-13,"Studienprojekt2024",c(350276.87, 5776281.12)
166,"LW04",350275.35,5776280.18,NA,6.81320819,52.11675871,NA,0.99,1.26,1.8,"Alnus glutinosa",0.36,0.115,3,2024-11-13,"Studienprojekt2024",c(350275.35, 5776280.18)
167,"LW04",350275.87,5776279.56,NA,6.81321613,52.11675326,NA,0.98,1.26,2,"Alnus glutinosa",0.34,0.108,2,2024-11-13,"Studienprojekt2024",c(350275.87, 5776279.56)
168,"LW04",350278.13,5776280.36,NA,6.81324868,52.11676109,NA,1.01,0.79,1.3,"Alnus glutinosa",0.51,0.162,1,2024-11-13,"Studienprojekt2024",c(350278.13, 5776280.36)
169,"LW04",350277.09,5776281.08,NA,6.81323319,52.11676722,NA,1.01,0.71,1.3,"Alnus glutinosa",0.38,0.121,2,2024-11-13,"Studienprojekt2024",c(350277.09, 5776281.08)
170,"LW03",350376.74,5776322.79,NA,6.81466916,52.11716897,NA,0.98,0.58,0.88,"Pinus sylvestris",0.755,0.24,2,2024-12-05,"Studienprojekt2024",c(350376.74, 5776322.79)
171,"LW03",350374.91,5776318.58,NA,6.81464429,52.11713067,NA,0.97,0.5,0.82,"Pinus sylvestris",0.76,0.242,2,2024-12-05,"Studienprojekt2024",c(350374.91, 5776318.58)
172,"LW03",350373.98,5776316.24,NA,6.81463179,52.11710932,NA,0.99,0.51,0.77,"Pinus sylvestris",0.795,0.253,1,2024-12-05,"Studienprojekt2024",c(350373.98, 5776316.24)
173,"LW03",350369.56,5776314.24,NA,6.81456815,52.11709014,NA,0.99,0.53,0.86,"Pinus sylvestris",0.705,0.224,2,2024-12-05,"Studienprojekt2024",c(350369.56, 5776314.24)
174,"LW03",350368.23,5776316,NA,6.814548,52.11710561,NA,0.99,0.54,0.91,"Pinus sylvestris",0.73,0.232,1,2024-12-05,"Studienprojekt2024",c(350368.23, 5776316)
175,"LW03",350367.74,5776317.38,NA,6.81454014,52.11711787,NA,0.9,0.58,0.95,"Betula pendula",0.34,0.108,4,2024-12-05,"Studienprojekt2024",c(350367.74, 5776317.38)
176,"LW03",350379.98,5776314.39,NA,6.81472012,52.11709436,NA,0.91,0.53,0.84,"Pinus sylvestris",0.21,0.067,5,2024-12-05,"Studienprojekt2024",c(350379.98, 5776314.39)
177,"LW03",350381.33,5776310.73,NA,6.81474144,52.11706187,NA,0.88,0.6,0.98,"Pinus sylvestris",0.365,0.116,4,2024-12-05,"Studienprojekt2024",c(350381.33, 5776310.73)
178,"LW03",350382.04,5776311.69,NA,6.81475146,52.11707066,NA,0.88,0.6,0.93,"Betula pendula",0.95,0.302,1,2024-12-05,"Studienprojekt2024",c(350382.04, 5776311.69)
179,"LW03",350384.75,5776311.81,NA,6.81479086,52.11707243,NA,0.88,0.65,1,"Pinus sylvestris",0.51,0.162,3,2024-12-05,"Studienprojekt2024",c(350384.75, 5776311.81)
180,"LW03",350385,5776314.89,NA,6.81479314,52.11710022,NA,0.88,0.56,0.83,"Pinus sylvestris",0.545,0.173,2,2024-12-05,"Studienprojekt2024",c(350385, 5776314.89)
181,"LW03",350385.91,5776311.14,NA,6.81480816,52.11706676,NA,0.88,0.54,0.83,"Pinus sylvestris",0.22,0.07,5,2024-12-05,"Studienprojekt2024",c(350385.91, 5776311.14)
182,"LW03",350389.58,5776311.81,NA,6.81486141,52.11707374,NA,0.88,0.67,1,"Betula pendula",0.25,0.08,5,2024-12-05,"Studienprojekt2024",c(350389.58, 5776311.81)
183,"LW03",350390.45,5776313.25,NA,6.8148735,52.11708693,NA,0.88,0.63,0.96,"Pinus sylvestris",0.955,0.304,1,2024-12-05,"Studienprojekt2024",c(350390.45, 5776313.25)
184,"LW03",350390.62,5776312.01,NA,6.81487642,52.11707588,NA,0.88,0.5,0.83,"Betula pendula",0.255,0.081,3,2024-12-05,"Studienprojekt2024",c(350390.62, 5776312.01)
185,"LW03",350383.71,5776317.84,NA,6.814773,52.11712638,NA,0.88,0.76,1.1,"Pinus sylvestris",0.615,0.196,1,2024-12-05,"Studienprojekt2024",c(350383.71, 5776317.84)
186,"LW03",350384.63,5776319.68,NA,6.81478562,52.11714314,NA,0.88,0.51,0.78,"Pinus sylvestris",0.69,0.22,3,2024-12-05,"Studienprojekt2024",c(350384.63, 5776319.68)
187,"LW03",350387.26,5776318.74,NA,6.81482441,52.11713543,NA,0.88,0.57,0.84,"Betula pendula",0.21,0.067,4,2024-12-05,"Studienprojekt2024",c(350387.26, 5776318.74)
188,"LW03",350384.39,5776323.65,NA,6.81478047,52.11717872,NA,0.88,0.45,0.68,"Betula pendula",0.285,0.091,4,2024-12-05,"Studienprojekt2024",c(350384.39, 5776323.65)
189,"LW03",350388.22,5776316.57,NA,6.81483938,52.11711617,NA,0.92,0.57,0.84,"Pinus sylvestris",0.315,0.1,3,2024-12-05,"Studienprojekt2024",c(350388.22, 5776316.57)
190,"LW03",350389.78,5776317.32,NA,6.81486193,52.11712329,NA,0.9,0.5,0.79,"Betula pendula",0.285,0.091,3,2024-12-05,"Studienprojekt2024",c(350389.78, 5776317.32)
191,"LW03",350391.75,5776317.45,NA,6.81489053,52.11712505,NA,0.9,0.53,0.82,"Pinus sylvestris",0.515,0.164,2,2024-12-05,"Studienprojekt2024",c(350391.75, 5776317.45)
192,"LW03",350392.16,5776317.93,NA,6.81489637,52.11712949,NA,0.9,0.68,1.1,"Pinus sylvestris",0.22,0.07,4,2024-12-05,"Studienprojekt2024",c(350392.16, 5776317.93)
193,"LW03",350392.32,5776318.28,NA,6.81489848,52.11713263,NA,0.88,0.6,1.1,"Pinus sylvestris",0.59,0.188,1,2024-12-05,"Studienprojekt2024",c(350392.32, 5776318.28)
194,"LW03",350393.49,5776318.32,NA,6.81491551,52.11713334,NA,0.88,0.59,1.1,"Pinus sylvestris",0.63,0.201,2,2024-12-05,"Studienprojekt2024",c(350393.49, 5776318.32)
195,"LW03",350392.35,5776316.66,NA,6.81489966,52.11711811,NA,0.88,0.6,1.1,"Pinus sylvestris",0.41,0.131,2,2024-12-05,"Studienprojekt2024",c(350392.35, 5776316.66)
196,"LW03",350393.24,5776319.85,NA,6.81491119,52.11714703,NA,0.9,0.64,1,"Pinus sylvestris",0.415,0.132,3,2024-12-05,"Studienprojekt2024",c(350393.24, 5776319.85)
197,"LW03",350388.4,5776332.09,NA,6.81483523,52.11725567,NA,0.88,0.54,1,"Pinus sylvestris",0.44,0.14,2,2024-12-05,"Studienprojekt2024",c(350388.4, 5776332.09)
198,"LW03",350391.39,5776333.28,NA,6.81487829,52.11726717,NA,0.87,0.41,0.74,"Pinus sylvestris",0.42,0.134,2,2024-12-05,"Studienprojekt2024",c(350391.39, 5776333.28)
199,"LW03",350387.33,5776335.64,NA,6.81481811,52.11728722,NA,0.87,0.44,0.72,"Pinus sylvestris",0.22,0.07,2,2024-12-05,"Studienprojekt2024",c(350387.33, 5776335.64)
200,"LW03",350384.05,5776334.7,NA,6.81477057,52.11727793,NA,0.82,0.51,0.87,"Pinus sylvestris",0.245,0.078,3,2024-12-05,"Studienprojekt2024",c(350384.05, 5776334.7)
201,"LW03",350382.72,5776331.61,NA,6.81475264,52.11724977,NA,0.89,0.52,1,"Pinus sylvestris",0.565,0.18,1,2024-12-05,"Studienprojekt2024",c(350382.72, 5776331.61)
202,"LW03",350375.71,5776333.83,NA,6.81464921,52.11726789,NA,0.86,0.46,0.75,"Pinus sylvestris",0.31,0.099,2,2024-12-05,"Studienprojekt2024",c(350375.71, 5776333.83)
203,"LW03",350378.89,5776329.42,NA,6.81469759,52.11722909,NA,0.86,0.43,0.72,"Pinus sylvestris",0.24,0.076,3,2024-12-05,"Studienprojekt2024",c(350378.89, 5776329.42)
204,"LW03",350368.72,5776327.92,NA,6.81454982,52.11721287,NA,0.86,0.49,0.75,"Pinus sylvestris",0.36,0.115,2,2024-12-05,"Studienprojekt2024",c(350368.72, 5776327.92)
205,"LW03",350366.35,5776325.69,NA,6.81451625,52.11719215,NA,0.86,0.55,0.83,"Pinus sylvestris",0.28,0.089,5,2024-12-05,"Studienprojekt2024",c(350366.35, 5776325.69)
206,"LW03",350365.62,5776322.24,NA,6.81450708,52.11716099,NA,0.86,0.59,1,"Pinus sylvestris",0.825,0.263,1,2024-12-05,"Studienprojekt2024",c(350365.62, 5776322.24)
207,"LW03",350367.37,5776321.42,NA,6.81453307,52.11715409,NA,0.86,0.47,0.86,"Betula pendula",0.31,0.099,3,2024-12-05,"Studienprojekt2024",c(350367.37, 5776321.42)
208,"LW02",350560.35,5776297.33,33.12,6.81735998,52.11698987,33.12,0.86,0.01,0.01,"Quercus rubra",0.895,0.285,3,2024-12-05,"Studienprojekt2024",c(350560.35, 5776297.33)
209,"LW02",350560.01,5776300.15,33.31,6.81735377,52.11701514,33.31,0.86,0.01,0.01,"Pinus sylvestris",0.895,0.285,3,2024-12-05,"Studienprojekt2024",c(350560.01, 5776300.15)
210,"LW02",350557.38,5776298.3,33.39,6.81731622,52.11699776,33.39,0.84,0.01,0.01,"Quercus rubra",0.81,0.258,2,2024-12-05,"Studienprojekt2024",c(350557.38, 5776298.3)
211,"LW02",350555.12,5776298.52,33.14,6.81728316,52.11699914,33.14,0.87,0.01,0.01,"Pinus sylvestris",0.55,0.175,3,2024-12-05,"Studienprojekt2024",c(350555.12, 5776298.52)
212,"LW02",350553.68,5776301.55,33.08,6.81726078,52.117026,33.08,0.89,0.09,0.08,"Picea sitchensis",1.98,0.63,1,2024-12-05,"Studienprojekt2024",c(350553.68, 5776301.55)
213,"LW02",350553.42,5776301.06,NA,6.81725717,52.11702148,NA,0.89,1.3,1.3,"Quercus rubra",0.36,0.115,3,2024-12-05,"Studienprojekt2024",c(350553.42, 5776301.06)
214,"LW02",350549.86,5776300.66,NA,6.81720546,52.11701693,NA,0.92,0.02,0.03,"Quercus rubra",0.84,0.267,2,2024-12-05,"Studienprojekt2024",c(350549.86, 5776300.66)
215,"LW02",350552.67,5776300.88,NA,6.81724636,52.11701971,NA,0.92,0.13,0.17,"Quercus rubra",0.53,0.169,3,2024-12-05,"Studienprojekt2024",c(350552.67, 5776300.88)
216,"LW02",350562.95,5776299.52,33.09,6.81739694,52.11701022,33.09,0.92,0.02,0.02,"Pinus sylvestris",0.68,0.216,3,2024-12-05,"Studienprojekt2024",c(350562.95, 5776299.52)
217,"LW02",350565.79,5776300.45,35.44,6.81743803,52.11701938,35.44,0.92,0.01,0.02,"Picea sitchensis",2.21,0.703,1,2024-12-05,"Studienprojekt2024",c(350565.79, 5776300.45)
218,"LW02",350568.24,5776297.73,NA,6.81747495,52.11699556,NA,0.91,0.08,0.1,"Quercus rubra",0.24,0.076,5,2024-12-05,"Studienprojekt2024",c(350568.24, 5776297.73)
219,"LW02",350570.23,5776298.11,NA,6.81750378,52.11699953,NA,0.88,0.86,0.98,"Quercus rubra",0.57,0.181,3,2024-12-05,"Studienprojekt2024",c(350570.23, 5776298.11)
220,"LW02",350568.91,5776296.2,32.19,6.81748532,52.11698199,32.19,0.9,1.04,1.71,"Picea sitchensis",2.33,0.742,1,2024-12-05,"Studienprojekt2024",c(350568.91, 5776296.2)
221,"LW02",350570.21,5776293.32,37.08,6.81750555,52.11695648,37.08,0.94,0.43,0.6,"Frangula alnus",0.22,0.07,5,2024-12-05,"Studienprojekt2024",c(350570.21, 5776293.32)
222,"LW02",350574.55,5776296.48,33.42,6.81756751,52.11698603,33.42,0.94,0.02,0.01,"Picea sitchensis",1.21,0.385,2,2024-12-05,"Studienprojekt2024",c(350574.55, 5776296.48)
223,"LW02",350575.97,5776296.75,33.39,6.81758818,52.11698886,33.39,0.94,0.03,0.05,"Picea sitchensis",1.08,0.344,3,2024-12-05,"Studienprojekt2024",c(350575.97, 5776296.75)
224,"LW02",350578.76,5776297.27,33.33,6.81762869,52.11699428,33.33,0.94,0.04,0.06,"Quercus rubra",0.81,0.258,2,2024-12-05,"Studienprojekt2024",c(350578.76, 5776297.27)
225,"LW02",350581,5776297.16,33.12,6.81766134,52.11699386,33.12,1,0.01,0.02,"Picea sitchensis",1.43,0.455,1,2024-12-05,"Studienprojekt2024",c(350581, 5776297.16)
226,"LW02",350582.45,5776299.31,32.78,6.81768169,52.11701358,32.78,1,0.04,0.05,"Quercus rubra",0.425,0.135,3,2024-12-05,"Studienprojekt2024",c(350582.45, 5776299.31)
227,"LW02",350585.38,5776298.89,33.03,6.81772456,52.11701063,33.03,0.99,0.04,0.07,"Quercus rubra",0.84,0.267,2,2024-12-05,"Studienprojekt2024",c(350585.38, 5776298.89)
228,"LW02",350586.74,5776296.96,NA,6.81774531,52.11699367,NA,0.91,0.83,1,NA,NA,NA,NA,2024-12-05,"Studienprojekt2024",c(350586.74, 5776296.96)
229,"LW02",350585.45,5776294.59,NA,6.8177275,52.11697203,NA,0.99,0.18,0.24,"Quercus rubra",0.54,0.172,2,2024-12-05,"Studienprojekt2024",c(350585.45, 5776294.59)
230,"LW02",350583.61,5776293.09,31.24,6.81770124,52.11695808,31.24,0.99,0.31,0.48,"Quercus rubra",1.15,0.366,2,2024-12-05,"Studienprojekt2024",c(350583.61, 5776293.09)
231,"LW02",350576.09,5776286.91,32.7,6.81759421,52.1169005,32.7,1.01,0.02,0.02,"Alnus glutinosa",0.345,0.11,4,2024-12-05,"Studienprojekt2024",c(350576.09, 5776286.91)
232,"LW02",350580.05,5776280.2,33.04,6.81765496,52.11684124,33.04,1.01,0.01,0.02,"Larix decidua",1.105,0.352,1,2024-12-05,"Studienprojekt2024",c(350580.05, 5776280.2)
233,"LW02",350581.11,5776274.14,33.09,6.81767312,52.11678709,33.09,1.01,0.01,0.01,"Larix decidua",1.14,0.363,1,2024-12-05,"Studienprojekt2024",c(350581.11, 5776274.14)
234,"LW02",350574.99,5776269.41,33.17,6.81758585,52.11674298,33.17,0.96,0.02,0.02,"Larix decidua",0.885,0.282,1,2024-12-05,"Studienprojekt2024",c(350574.99, 5776269.41)
235,"LW02",350570.41,5776270.29,32.63,6.81751871,52.11674965,32.63,0.95,0.02,0.03,"Betula pendula",0.31,0.099,4,2024-12-05,"Studienprojekt2024",c(350570.41, 5776270.29)
236,"LW02",350565.83,5776275.17,32.82,6.81744973,52.11679229,32.82,0.95,0.01,0.02,"Larix decidua",1.19,0.379,1,2024-12-05,"Studienprojekt2024",c(350565.83, 5776275.17)
237,"LW02",350551.17,5776280.13,33.02,6.81723358,52.11683282,33.02,0.95,0.01,0.02,"Larix decidua",1.085,0.345,1,2024-12-05,"Studienprojekt2024",c(350551.17, 5776280.13)
238,"LW02",350550.26,5776285.96,32.62,6.81721777,52.11688499,32.62,0.95,0.01,0.02,"Alnus glutinosa",0.39,0.124,3,2024-12-05,"Studienprojekt2024",c(350550.26, 5776285.96)
239,"LW02",350551.39,5776286.91,NA,6.8172338,52.1168938,NA,0.95,0.2,0.28,"Alnus glutinosa",0.42,0.134,3,2024-12-05,"Studienprojekt2024",c(350551.39, 5776286.91)
240,"LW02",350552.24,5776289.57,33.33,6.81724494,52.11691798,33.33,0.95,0.01,0.02,"Larix decidua",0.91,0.29,2,2024-12-05,"Studienprojekt2024",c(350552.24, 5776289.57)
241,"LW02",350552.03,5776293.17,32.6,6.81724035,52.11695022,32.6,0.95,0.02,0.03,"Larix decidua",0.59,0.188,3,2024-12-05,"Studienprojekt2024",c(350552.03, 5776293.17)
242,"LW02",350553.64,5776293.21,NA,6.81726387,52.116951,NA,0.95,0.19,0.23,"Larix decidua",0.485,0.154,3,2024-12-05,"Studienprojekt2024",c(350553.64, 5776293.21)
243,"LW02",350555.47,5776291.85,33.05,6.81729112,52.11693933,33.05,0.95,0.01,0.02,"Alnus glutinosa",0.37,0.118,4,2024-12-05,"Studienprojekt2024",c(350555.47, 5776291.85)
244,"LW02",350556.14,5776290.7,32.73,6.81730147,52.11692916,32.73,0.99,0.04,0.05,"Betula pubescens",0.24,0.076,4,2024-12-05,"Studienprojekt2024",c(350556.14, 5776290.7)
245,"LW02",350563.01,5776292.99,33.39,6.81740071,52.11695158,33.39,0.94,0.01,0.02,"Larix decidua",0.92,0.293,2,2024-12-05,"Studienprojekt2024",c(350563.01, 5776292.99)
246,"LW02",350560.42,5776294.15,33.41,6.81736237,52.11696132,33.41,0.94,0.05,0.07,"Larix decidua",1.39,0.442,1,2024-12-05,"Studienprojekt2024",c(350560.42, 5776294.15)
247,"LW02",350563.35,5776290.61,32.7,6.81740665,52.1169303,32.7,0.94,0.01,0.01,"Alnus glutinosa",0.605,0.193,3,2024-12-05,"Studienprojekt2024",c(350563.35, 5776290.61)
248,"LW02",350565.95,5776292.91,33.23,6.81744358,52.11695169,33.23,0.96,0.01,0.02,"Larix decidua",1.035,0.329,2,2024-12-05,"Studienprojekt2024",c(350565.95, 5776292.91)
249,"LW02",350570.22,5776289.65,32.49,6.81750742,52.11692356,32.49,1.06,0.01,0.02,"Alnus glutinosa",0.47,0.15,3,2024-12-05,"Studienprojekt2024",c(350570.22, 5776289.65)
250,"LW09",350574.95,5776177.1,71.8,6.81762577,52.11591364,71.8,1.5,0,0,"Pinus strobus",0.28,0.089,3,2024-12-05,"Studienprojekt2024",c(350574.95, 5776177.1)
251,"LW09",350578.99,5776175.61,79.1,6.81768543,52.1159013,79.1,1.6,0,0,"Pinus strobus",0.2,0.064,4,2024-12-05,"Studienprojekt2024",c(350578.99, 5776175.61)
252,"LW09",350576.96,5776176.69,77.8,6.81765532,52.11591052,77.8,1.6,0,0,"Pinus sylvestris",0.67,0.213,2,2024-12-05,"Studienprojekt2024",c(350576.96, 5776176.69)
253,"LW09",350575.59,5776181.04,76.2,6.81763347,52.1159492,76.2,1.8,0,0,"Pinus strobus",0.56,0.178,3,2024-12-05,"Studienprojekt2024",c(350575.59, 5776181.04)
254,"LW09",350574.77,5776181.17,76.4,6.81762145,52.11595014,76.4,1.6,0,0,"Pinus strobus",0.52,0.166,3,2024-12-05,"Studienprojekt2024",c(350574.77, 5776181.17)
255,"LW09",350571.3,5776178.92,77.1,6.81757168,52.11592895,77.1,1.6,0,0,"Pinus strobus",0.51,0.162,4,2024-12-05,"Studienprojekt2024",c(350571.3, 5776178.92)
256,"LW09",350580.39,5776186.87,75.8,6.81770092,52.11600289,75.8,1.7,0,0,"Pinus sylvestris",1.7,0.541,1,2024-12-05,"Studienprojekt2024",c(350580.39, 5776186.87)
257,"LW09",350568.84,5776188.8,78.3,6.81753143,52.11601712,78.3,1.6,0,0,"Pinus sylvestris",1.03,0.328,1,2024-12-05,"Studienprojekt2024",c(350568.84, 5776188.8)
258,"LW09",350564.63,5776172.61,76.6,6.81747723,52.11587045,76.6,1.7,0,0,"Pinus strobus",0.41,0.131,3,2024-12-05,"Studienprojekt2024",c(350564.63, 5776172.61)
259,"LW09",350563.18,5776169.62,76.9,6.8174573,52.11584322,76.9,1.7,0,0,"Larix decidua",1.39,0.442,1,2024-12-05,"Studienprojekt2024",c(350563.18, 5776169.62)
260,"LW09",350565.04,5776166.67,71.2,6.81748578,52.1158172,71.2,1.7,0,0,"Pinus strobus",0.31,0.099,3,2024-12-05,"Studienprojekt2024",c(350565.04, 5776166.67)
261,"LW09",350561.49,5776166.63,72.7,6.81743398,52.11581595,72.7,1.7,0,0,"Pinus strobus",0.35,0.111,4,2024-12-05,"Studienprojekt2024",c(350561.49, 5776166.63)
262,"LW09",350562.89,5776169.33,75.6,6.81745318,52.11584054,75.6,1.7,0,0,"Pinus strobus",NA,NA,4,2024-12-05,"Studienprojekt2024",c(350562.89, 5776169.33)
263,"LW09",350564.07,5776171.17,77.4,6.81746965,52.1158574,77.4,1.7,0,0,"Pinus strobus",0.275,0.088,3,2024-12-05,"Studienprojekt2024",c(350564.07, 5776171.17)
264,"LW09",350565.08,5776169.69,76.4,6.81748498,52.11584437,76.4,1.8,0,0,"Pinus strobus",0.71,0.226,2,2024-12-05,"Studienprojekt2024",c(350565.08, 5776169.69)
265,"LW09",350567.35,5776169.37,75,6.8175183,52.11584212,75,1.8,0,0,"Pinus strobus",0.25,0.08,3,2024-12-05,"Studienprojekt2024",c(350567.35, 5776169.37)
266,"LW09",350571.11,5776170.97,71.2,6.81757247,52.11585754,71.2,1.6,0,0,"Pinus strobus",0.54,0.172,3,2024-12-05,"Studienprojekt2024",c(350571.11, 5776170.97)
267,"LW09",350575.8,5776168.63,71.7,6.81764197,52.11583774,71.7,1.6,0,0,"Pinus sylvestris",0.84,0.267,1,2024-12-05,"Studienprojekt2024",c(350575.8, 5776168.63)
268,"LW09",350580.9,5776158.89,86.6,6.81772067,52.11575164,86.6,1.7,0,0,"Pinus strobus",0.32,0.102,3,2024-12-05,"Studienprojekt2024",c(350580.9, 5776158.89)
269,"LW09",350579.62,5776159.87,85.9,6.8177015,52.1157601,85.9,1.9,0,0,"Pinus sylvestris",1.21,0.385,1,2024-12-05,"Studienprojekt2024",c(350579.62, 5776159.87)
270,"LW09",350579.67,5776160.42,83.2,6.817702,52.11576504,83.2,1.8,0,0,"Pinus strobus",1.03,0.328,2,2024-12-05,"Studienprojekt2024",c(350579.67, 5776160.42)
271,"LW09",350580.74,5776161.27,79.7,6.81771732,52.11577295,79.7,1.8,0,0,"Betula pendula",0.56,0.178,1,2024-12-05,"Studienprojekt2024",c(350580.74, 5776161.27)
272,"LW09",350579.16,5776158.72,79.5,6.81769527,52.11574962,79.5,1.6,0,0,"Picea abies",0.37,0.118,3,2024-12-05,"Studienprojekt2024",c(350579.16, 5776158.72)
273,"LW09",350580.74,5776156.21,75.7,6.81771948,52.11572752,75.7,1.7,0,0,"Pinus strobus",0.32,0.102,3,2024-12-05,"Studienprojekt2024",c(350580.74, 5776156.21)
274,"LW09",350581.07,5776155.27,76.4,6.81772473,52.11571917,76.4,1.9,0,0,"Pinus strobus",0.28,0.089,3,2024-12-05,"Studienprojekt2024",c(350581.07, 5776155.27)
275,"LW09",350581.66,5776155.61,75.9,6.81773312,52.11572237,75.9,1.9,0,0,"Pinus strobus",0.32,0.102,4,2024-12-05,"Studienprojekt2024",c(350581.66, 5776155.61)
276,"LW09",350582.99,5776155.1,76,6.81775285,52.11571817,76,1.7,0,0,"Pinus strobus",0.37,0.118,4,2024-12-05,"Studienprojekt2024",c(350582.99, 5776155.1)
277,"LW09",350584.16,5776155.71,76.6,6.81776953,52.11572392,76.6,1.6,0,0,"Pinus strobus",0.79,0.251,3,2024-12-05,"Studienprojekt2024",c(350584.16, 5776155.71)
278,"LW09",350586.28,5776155.93,76.1,6.81780038,52.1157265,76.1,1.6,0,0,"Betula pendula",0.76,0.242,1,2024-12-05,"Studienprojekt2024",c(350586.28, 5776155.93)
279,"LW09",350589.62,5776160.21,76.7,6.81784725,52.11576587,76.7,1.6,0,0,"Betula pendula",1.14,0.363,1,2024-12-05,"Studienprojekt2024",c(350589.62, 5776160.21)
280,"LW09",350587.94,5776161.36,77.4,6.8178223,52.11577572,77.4,1.6,0,0,"Betula pendula",0.79,0.251,1,2024-12-05,"Studienprojekt2024",c(350587.94, 5776161.36)
281,"LW09",350576.87,5776168.49,72.7,6.81765765,52.11583682,72.7,2,0,0,"Pinus strobus",0.74,0.236,2,2024-12-05,"Studienprojekt2024",c(350576.87, 5776168.49)
282,"LW09",350579.87,5776166.34,79.6,6.81770228,52.11581829,79.6,1.9,0,0,"Pinus strobus",0.39,0.124,3,2024-12-05,"Studienprojekt2024",c(350579.87, 5776166.34)
283,"LW09",350583.86,5776173.6,80.8,6.81775738,52.11588455,80.8,1.8,0,0,"Pinus strobus",0.67,0.213,3,2024-12-05,"Studienprojekt2024",c(350583.86, 5776173.6)
284,"LW09",350588.05,5776174.84,77.1,6.81781798,52.11589689,77.1,1.7,0,0,"Pinus sylvestris",0.86,0.274,1,2024-12-05,"Studienprojekt2024",c(350588.05, 5776174.84)
285,"LW09",350589.01,5776173.65,75.6,6.81783252,52.11588644,75.6,1.7,0,0,NA,0.55,0.175,3,2024-12-05,"Studienprojekt2024",c(350589.01, 5776173.65)
286,"LW09",350589.16,5776176.43,77.5,6.81783343,52.11591144,77.5,1.8,0,0,"Pinus strobus",0.66,0.21,3,2024-12-05,"Studienprojekt2024",c(350589.16, 5776176.43)
NA,NA,349634.253,5775995.712,NA,NA,NA,NA,NA,NA,NA,"Pinus sylvestris",NA,NA,NA,2024-06-05,"PaulNetter",c(349634.253, 5775995.712)
NA,NA,349916.165,5775984.209,NA,NA,NA,NA,NA,NA,NA,"Pinus sylvestris",NA,NA,NA,2024-06-05,"PaulNetter",c(349916.165, 5775984.209)
NA,NA,349906.236,5776023.194,NA,NA,NA,NA,NA,NA,NA,"Pinus sylvestris",NA,NA,NA,2024-06-05,"PaulNetter",c(349906.236, 5776023.194)
NA,NA,349903.605,5776031.298,NA,NA,NA,NA,NA,NA,NA,"Pinus sylvestris",NA,NA,NA,2024-06-05,"PaulNetter",c(349903.605, 5776031.298)
NA,NA,349708.488,5775994.987,NA,NA,NA,NA,NA,NA,NA,"Pinus sylvestris",NA,NA,NA,2024-06-05,"PaulNetter",c(349708.488, 5775994.987)
NA,NA,349904.829,5776077.967,NA,NA,NA,NA,NA,NA,NA,"Pinus sylvestris",NA,NA,NA,2024-06-05,"PaulNetter",c(349904.829, 5776077.967)
NA,NA,350049.896,5776104.385,NA,NA,NA,NA,NA,NA,NA,"Pinus sylvestris",NA,NA,NA,2024-06-05,"PaulNetter",c(350049.896, 5776104.385)
NA,NA,349782.047,5775884.169,NA,NA,NA,NA,NA,NA,NA,"Pinus sylvestris",NA,NA,NA,2024-06-05,"PaulNetter",c(349782.047, 5775884.169)
NA,NA,349801.475,5776003.169,NA,NA,NA,NA,NA,NA,NA,"Pinus sylvestris",NA,NA,NA,2024-06-05,"PaulNetter",c(349801.475, 5776003.169)
NA,NA,350413.128,5776007.017,NA,NA,NA,NA,NA,NA,NA,"Pinus sylvestris",NA,NA,NA,2024-06-05,"PaulNetter",c(350413.128, 5776007.017)
NA,NA,349764.575,5775884.297,NA,NA,NA,NA,NA,NA,NA,"Pinus sylvestris",NA,NA,NA,2024-06-05,"PaulNetter",c(349764.575, 5775884.297)
NA,NA,350571.611,5776188.068,NA,NA,NA,NA,NA,NA,NA,"Pinus sylvestris",NA,NA,NA,2024-06-05,"PaulNetter",c(350571.611, 5776188.068)
NA,NA,349748.316,5775874.128,NA,NA,NA,NA,NA,NA,NA,"Pinus sylvestris",NA,NA,NA,2024-06-05,"PaulNetter",c(349748.316, 5775874.128)
NA,NA,350638.598,5776406.353,NA,NA,NA,NA,NA,NA,NA,"Pinus sylvestris",NA,NA,NA,2024-06-05,"PaulNetter",c(350638.598, 5776406.353)
NA,NA,349782.814,5775867.489,NA,NA,NA,NA,NA,NA,NA,"Pinus sylvestris",NA,NA,NA,2024-06-05,"PaulNetter",c(349782.814, 5775867.489)
NA,NA,349607.347,5776009.654,NA,NA,NA,NA,NA,NA,NA,"Pinus sylvestris",NA,NA,NA,2024-06-05,"PaulNetter",c(349607.347, 5776009.654)
NA,NA,349843.509,5775925.802,NA,NA,NA,NA,NA,NA,NA,"Alnus glutinosa",NA,NA,NA,2024-06-05,"PaulNetter",c(349843.509, 5775925.802)
NA,NA,349743.198,5775794.472,NA,NA,NA,NA,NA,NA,NA,"Alnus glutinosa",NA,NA,NA,2024-06-05,"PaulNetter",c(349743.198, 5775794.472)
NA,NA,350018.517,5775924.857,NA,NA,NA,NA,NA,NA,NA,"Alnus glutinosa",NA,NA,NA,2024-06-05,"PaulNetter",c(350018.517, 5775924.857)
NA,NA,349770.556,5775935.423,NA,NA,NA,NA,NA,NA,NA,"Alnus glutinosa",NA,NA,NA,2024-06-05,"PaulNetter",c(349770.556, 5775935.423)
NA,NA,350117.229,5775980.729,NA,NA,NA,NA,NA,NA,NA,"Alnus glutinosa",NA,NA,NA,2024-06-05,"PaulNetter",c(350117.229, 5775980.729)
NA,NA,349777.659,5775688.248,NA,NA,NA,NA,NA,NA,NA,"Alnus glutinosa",NA,NA,NA,2024-06-05,"PaulNetter",c(349777.659, 5775688.248)
NA,NA,349796.766,5775903.652,NA,NA,NA,NA,NA,NA,NA,"Alnus glutinosa",NA,NA,NA,2024-06-05,"PaulNetter",c(349796.766, 5775903.652)
NA,NA,349737.605,5775801.229,NA,NA,NA,NA,NA,NA,NA,"Alnus glutinosa",NA,NA,NA,2024-06-05,"PaulNetter",c(349737.605, 5775801.229)
NA,NA,349792.398,5775817.837,NA,NA,NA,NA,NA,NA,NA,"Alnus glutinosa",NA,NA,NA,2024-06-05,"PaulNetter",c(349792.398, 5775817.837)
NA,NA,349925.87,5775961.704,NA,NA,NA,NA,NA,NA,NA,"Alnus glutinosa",NA,NA,NA,2024-06-05,"PaulNetter",c(349925.87, 5775961.704)
NA,NA,350038.536,5775964.525,NA,NA,NA,NA,NA,NA,NA,"Alnus glutinosa",NA,NA,NA,2024-06-05,"PaulNetter",c(350038.536, 5775964.525)
NA,NA,350080.832,5775967.347,NA,NA,NA,NA,NA,NA,NA,"Alnus glutinosa",NA,NA,NA,2024-06-05,"PaulNetter",c(350080.832, 5775967.347)
NA,NA,349934.258,5775942.467,NA,NA,NA,NA,NA,NA,NA,"Alnus glutinosa",NA,NA,NA,2024-06-05,"PaulNetter",c(349934.258, 5775942.467)
NA,NA,349747.102,5775778.762,NA,NA,NA,NA,NA,NA,NA,"Alnus glutinosa",NA,NA,NA,2024-06-05,"PaulNetter",c(349747.102, 5775778.762)
NA,NA,350336.222,5775804.339,NA,NA,NA,NA,NA,NA,NA,"Alnus glutinosa",NA,NA,NA,2024-06-05,"PaulNetter",c(350336.222, 5775804.339)
NA,NA,349658.761,5776008.244,NA,NA,NA,NA,NA,NA,NA,"Quercus robur",NA,NA,NA,2024-06-05,"PaulNetter",c(349658.761, 5776008.244)
NA,NA,349768.25,5775900.235,NA,NA,NA,NA,NA,NA,NA,"Quercus robur",NA,NA,NA,2024-06-05,"PaulNetter",c(349768.25, 5775900.235)
NA,NA,349747.638,5775987.554,NA,NA,NA,NA,NA,NA,NA,"Quercus robur",NA,NA,NA,2024-06-05,"PaulNetter",c(349747.638, 5775987.554)
NA,NA,349771.579,5775977.699,NA,NA,NA,NA,NA,NA,NA,"Quercus robur",NA,NA,NA,2024-06-05,"PaulNetter",c(349771.579, 5775977.699)
NA,NA,350156.189,5775890.274,NA,NA,NA,NA,NA,NA,NA,"Quercus robur",NA,NA,NA,2024-06-05,"PaulNetter",c(350156.189, 5775890.274)
NA,NA,349743.714,5775849.707,NA,NA,NA,NA,NA,NA,NA,"Quercus robur",NA,NA,NA,2024-06-05,"PaulNetter",c(349743.714, 5775849.707)
NA,NA,349746.921,5775721.172,NA,NA,NA,NA,NA,NA,NA,"Quercus robur",NA,NA,NA,2024-06-05,"PaulNetter",c(349746.921, 5775721.172)
NA,NA,349732.285,5775833.23,NA,NA,NA,NA,NA,NA,NA,"Quercus robur",NA,NA,NA,2024-06-05,"PaulNetter",c(349732.285, 5775833.23)
NA,NA,349751.825,5775766.187,NA,NA,NA,NA,NA,NA,NA,"Quercus robur",NA,NA,NA,2024-06-05,"PaulNetter",c(349751.825, 5775766.187)
NA,NA,349770.031,5775693.892,NA,NA,NA,NA,NA,NA,NA,"Quercus robur",NA,NA,NA,2024-06-05,"PaulNetter",c(349770.031, 5775693.892)
NA,NA,349817.479,5775717.287,NA,NA,NA,NA,NA,NA,NA,"Quercus robur",NA,NA,NA,2024-06-05,"PaulNetter",c(349817.479, 5775717.287)
NA,NA,349766.242,5775807.767,NA,NA,NA,NA,NA,NA,NA,"Quercus robur",NA,NA,NA,2024-06-05,"PaulNetter",c(349766.242, 5775807.767)
NA,NA,349802.624,5775736.658,NA,NA,NA,NA,NA,NA,NA,"Quercus robur",NA,NA,NA,2024-06-05,"PaulNetter",c(349802.624, 5775736.658)
NA,NA,349790.055,5775709.074,NA,NA,NA,NA,NA,NA,NA,"Quercus robur",NA,NA,NA,2024-06-05,"PaulNetter",c(349790.055, 5775709.074)
NA,NA,349621.193,5776002.3,NA,NA,NA,NA,NA,NA,NA,"Quercus robur",NA,NA,NA,2024-06-05,"PaulNetter",c(349621.193, 5776002.3)
NA,NA,350566.137,5776161.36,NA,NA,NA,NA,NA,NA,NA,"Quercus robur",NA,NA,NA,2024-06-05,"PaulNetter",c(350566.137, 5776161.36)
NA,NA,349782.155,5775845.461,NA,NA,NA,NA,NA,NA,NA,"Betula pendula",NA,NA,NA,2024-06-05,"PaulNetter",c(349782.155, 5775845.461)
NA,NA,349796.737,5775832.277,NA,NA,NA,NA,NA,NA,NA,"Betula pendula",NA,NA,NA,2024-06-05,"PaulNetter",c(349796.737, 5775832.277)
NA,NA,349900.608,5776039.407,NA,NA,NA,NA,NA,NA,NA,"Betula pendula",NA,NA,NA,2024-06-05,"PaulNetter",c(349900.608, 5776039.407)
NA,NA,349665.274,5776004.73,NA,NA,NA,NA,NA,NA,NA,"Betula pendula",NA,NA,NA,2024-06-05,"PaulNetter",c(349665.274, 5776004.73)
NA,NA,349680.145,5775984.271,NA,NA,NA,NA,NA,NA,NA,"Betula pendula",NA,NA,NA,2024-06-05,"PaulNetter",c(349680.145, 5775984.271)
NA,NA,349601.807,5776019.486,NA,NA,NA,NA,NA,NA,NA,"Betula pendula",NA,NA,NA,2024-06-05,"PaulNetter",c(349601.807, 5776019.486)
NA,NA,350437.248,5776188.688,NA,NA,NA,NA,NA,NA,NA,"Betula pendula",NA,NA,NA,2024-06-05,"PaulNetter",c(350437.248, 5776188.688)
NA,NA,349752.242,5775888.828,NA,NA,NA,NA,NA,NA,NA,"Betula pendula",NA,NA,NA,2024-06-05,"PaulNetter",c(349752.242, 5775888.828)
NA,NA,349760.796,5775985.503,NA,NA,NA,NA,NA,NA,NA,"Betula pendula",NA,NA,NA,2024-06-05,"PaulNetter",c(349760.796, 5775985.503)
NA,NA,350110.848,5776028.685,NA,NA,NA,NA,NA,NA,NA,"Betula pendula",NA,NA,NA,2024-06-05,"PaulNetter",c(350110.848, 5776028.685)
NA,NA,349770.021,5775847.608,NA,NA,NA,NA,NA,NA,NA,"Betula pendula",NA,NA,NA,2024-06-05,"PaulNetter",c(349770.021, 5775847.608)
NA,NA,350229.005,5776075.522,NA,NA,NA,NA,NA,NA,NA,"Betula pendula",NA,NA,NA,2024-06-05,"PaulNetter",c(350229.005, 5776075.522)
NA,NA,350420.177,5776157.447,NA,NA,NA,NA,NA,NA,NA,"Betula pendula",NA,NA,NA,2024-06-05,"PaulNetter",c(350420.177, 5776157.447)
NA,NA,350343.34,5776078.633,NA,NA,NA,NA,NA,NA,NA,"Picea sitchensis",NA,NA,NA,2024-06-05,"PaulNetter",c(350343.34, 5776078.633)
NA,NA,350335.903,5776066.445,NA,NA,NA,NA,NA,NA,NA,"Picea sitchensis",NA,NA,NA,2024-06-05,"PaulNetter",c(350335.903, 5776066.445)
NA,NA,349769.821,5775798.325,NA,NA,NA,NA,NA,NA,NA,"Picea sitchensis",NA,NA,NA,2024-06-05,"PaulNetter",c(349769.821, 5775798.325)
NA,NA,350579.971,5776155.861,NA,NA,NA,NA,NA,NA,NA,"Picea sitchensis",NA,NA,NA,2024-06-05,"PaulNetter",c(350579.971, 5776155.861)
NA,NA,350157.699,5775906.988,NA,NA,NA,NA,NA,NA,NA,"Picea sitchensis",NA,NA,NA,2024-06-05,"PaulNetter",c(350157.699, 5775906.988)
NA,NA,349732.493,5775812.802,NA,NA,NA,NA,NA,NA,NA,"Fagus sylvatica",NA,NA,NA,2024-06-05,"PaulNetter",c(349732.493, 5775812.802)
NA,NA,349993.266,5775918.84,NA,NA,NA,NA,NA,NA,NA,"Fagus sylvatica",NA,NA,NA,2024-06-05,"PaulNetter",c(349993.266, 5775918.84)
NA,NA,350089.292,5775950.434,NA,NA,NA,NA,NA,NA,NA,"Fagus sylvatica",NA,NA,NA,2024-06-05,"PaulNetter",c(350089.292, 5775950.434)
NA,NA,350111.214,5775958.42,NA,NA,NA,NA,NA,NA,NA,"Fagus sylvatica",NA,NA,NA,2024-06-05,"PaulNetter",c(350111.214, 5775958.42)
NA,NA,350123.073,5775990.331,NA,NA,NA,NA,NA,NA,NA,"Fagus sylvatica",NA,NA,NA,2024-06-05,"PaulNetter",c(350123.073, 5775990.331)
NA,NA,350108.551,5775970.966,NA,NA,NA,NA,NA,NA,NA,"Fagus sylvatica",NA,NA,NA,2024-06-05,"PaulNetter",c(350108.551, 5775970.966)
NA,NA,350027.296,5775925.232,NA,NA,NA,NA,NA,NA,NA,"Fagus sylvatica",NA,NA,NA,2024-06-05,"PaulNetter",c(350027.296, 5775925.232)
NA,NA,349783.953,5775801.449,NA,NA,NA,NA,NA,NA,NA,"Fagus sylvatica",NA,NA,NA,2024-06-05,"PaulNetter",c(349783.953, 5775801.449)
NA,NA,350045.205,5775973.016,NA,NA,NA,NA,NA,NA,NA,"Fagus sylvatica",NA,NA,NA,2024-06-05,"PaulNetter",c(350045.205, 5775973.016)
NA,NA,350045.589,5775932.319,NA,NA,NA,NA,NA,NA,NA,"Fagus sylvatica",NA,NA,NA,2024-06-05,"PaulNetter",c(350045.589, 5775932.319)
NA,NA,350066.324,5775981.79,NA,NA,NA,NA,NA,NA,NA,"Fagus sylvatica",NA,NA,NA,2024-06-05,"PaulNetter",c(350066.324, 5775981.79)
NA,NA,350079.058,5775952.287,NA,NA,NA,NA,NA,NA,NA,"Fagus sylvatica",NA,NA,NA,2024-06-05,"PaulNetter",c(350079.058, 5775952.287)
NA,NA,349959.348,5775912.578,NA,NA,NA,NA,NA,NA,NA,"Fagus sylvatica",NA,NA,NA,2024-06-05,"PaulNetter",c(349959.348, 5775912.578)
NA,NA,349743.886,5775733.461,NA,NA,NA,NA,NA,NA,NA,"Fraxinus excelsior",NA,NA,NA,2024-06-05,"PaulNetter",c(349743.886, 5775733.461)
NA,NA,349737.76,5775722.721,NA,NA,NA,NA,NA,NA,NA,"Fraxinus excelsior",NA,NA,NA,2024-06-05,"PaulNetter",c(349737.76, 5775722.721)
NA,NA,349775.313,5775772.436,NA,NA,NA,NA,NA,NA,NA,"Fraxinus excelsior",NA,NA,NA,2024-06-05,"PaulNetter",c(349775.313, 5775772.436)
NA,NA,350120.47,5775955.866,NA,NA,NA,NA,NA,NA,NA,"Quercus rubra",NA,NA,NA,2024-06-05,"PaulNetter",c(350120.47, 5775955.866)
NA,NA,350588.197,5776311.717,NA,NA,NA,NA,NA,NA,NA,"Quercus rubra",NA,NA,NA,2024-06-05,"PaulNetter",c(350588.197, 5776311.717)
NA,NA,350373.436,5776076.84,NA,NA,NA,NA,NA,NA,NA,"Quercus rubra",NA,NA,NA,2024-06-05,"PaulNetter",c(350373.436, 5776076.84)
NA,NA,350127.07,5775977.288,NA,NA,NA,NA,NA,NA,NA,"Quercus rubra",NA,NA,NA,2024-06-05,"PaulNetter",c(350127.07, 5775977.288)
NA,NA,350102.212,5775950.568,NA,NA,NA,NA,NA,NA,NA,"Quercus rubra",NA,NA,NA,2024-06-05,"PaulNetter",c(350102.212, 5775950.568)
NA,NA,350153.405,5775977.074,NA,NA,NA,NA,NA,NA,NA,"Quercus rubra",NA,NA,NA,2024-06-05,"PaulNetter",c(350153.405, 5775977.074)
NA,NA,350146.204,5775982.636,NA,NA,NA,NA,NA,NA,NA,"Quercus rubra",NA,NA,NA,2024-06-05,"PaulNetter",c(350146.204, 5775982.636)
NA,NA,350132.105,5775984.498,NA,NA,NA,NA,NA,NA,NA,"Quercus rubra",NA,NA,NA,2024-06-05,"PaulNetter",c(350132.105, 5775984.498)
NA,NA,350129.305,5775927.78,NA,NA,NA,NA,NA,NA,NA,"Quercus rubra",NA,NA,NA,2024-06-05,"PaulNetter",c(350129.305, 5775927.78)
NA,NA,350640.447,5776130.094,NA,NA,NA,NA,NA,NA,NA,"Quercus rubra",NA,NA,NA,2024-06-05,"PaulNetter",c(350640.447, 5776130.094)
NA,NA,350362.569,5776108.796,NA,NA,NA,NA,NA,NA,NA,"Quercus rubra",NA,NA,NA,2024-06-05,"PaulNetter",c(350362.569, 5776108.796)
NA,NA,350134.521,5775937.152,NA,NA,NA,NA,NA,NA,NA,"Quercus rubra",NA,NA,NA,2024-06-05,"PaulNetter",c(350134.521, 5775937.152)
NA,NA,350132.7,5775956.44,NA,NA,NA,NA,NA,NA,NA,"Quercus rubra",NA,NA,NA,2024-06-05,"PaulNetter",c(350132.7, 5775956.44)
NA,NA,350210.491,5775792.077,NA,NA,NA,NA,NA,NA,NA,"Quercus rubra",NA,NA,NA,2024-06-05,"PaulNetter",c(350210.491, 5775792.077)
NA,NA,350148.228,5775815.494,NA,NA,NA,NA,NA,NA,NA,"Quercus rubra",NA,NA,NA,2024-06-05,"PaulNetter",c(350148.228, 5775815.494)
NA,NA,350381.515,5776156.813,NA,NA,NA,NA,NA,NA,NA,"Larix decidua",NA,NA,NA,2024-06-05,"PaulNetter",c(350381.515, 5776156.813)
NA,NA,350365.178,5776152.58,NA,NA,NA,NA,NA,NA,NA,"Larix decidua",NA,NA,NA,2024-06-05,"PaulNetter",c(350365.178, 5776152.58)
NA,NA,350576.486,5776269.936,NA,NA,NA,NA,NA,NA,NA,"Larix decidua",NA,NA,NA,2024-06-05,"PaulNetter",c(350576.486, 5776269.936)
NA,NA,350509.945,5776268.989,NA,NA,NA,NA,NA,NA,NA,"Larix decidua",NA,NA,NA,2024-06-05,"PaulNetter",c(350509.945, 5776268.989)
NA,NA,350582.04,5776279.883,NA,NA,NA,NA,NA,NA,NA,"Larix decidua",NA,NA,NA,2024-06-05,"PaulNetter",c(350582.04, 5776279.883)
NA,NA,350401.454,5776148.95,NA,NA,NA,NA,NA,NA,NA,"Larix decidua",NA,NA,NA,2024-06-05,"PaulNetter",c(350401.454, 5776148.95)
NA,NA,350439.198,5775762.135,NA,NA,NA,NA,NA,NA,NA,"Larix decidua",NA,NA,NA,2024-06-05,"PaulNetter",c(350439.198, 5775762.135)
NA,NA,350457.916,5775743.658,NA,NA,NA,NA,NA,NA,NA,"Larix decidua",NA,NA,NA,2024-06-05,"PaulNetter",c(350457.916, 5775743.658)
NA,NA,350470.772,5775737.512,NA,NA,NA,NA,NA,NA,NA,"Larix decidua",NA,NA,NA,2024-06-05,"PaulNetter",c(350470.772, 5775737.512)
NA,NA,350476.483,5775746.43,NA,NA,NA,NA,NA,NA,NA,"Larix decidua",NA,NA,NA,2024-06-05,"PaulNetter",c(350476.483, 5775746.43)
NA,NA,350479.798,5775730.365,NA,NA,NA,NA,NA,NA,NA,"Larix decidua",NA,NA,NA,2024-06-05,"PaulNetter",c(350479.798, 5775730.365)
NA,NA,350567.364,5776274.319,NA,NA,NA,NA,NA,NA,NA,"Larix decidua",NA,NA,NA,2024-06-05,"PaulNetter",c(350567.364, 5776274.319)
NA,NA,350553.42,5776279.448,NA,NA,NA,NA,NA,NA,NA,"Larix decidua",NA,NA,NA,2024-06-05,"PaulNetter",c(350553.42, 5776279.448)
NA,NA,350539.415,5776268.504,NA,NA,NA,NA,NA,NA,NA,"Larix decidua",NA,NA,NA,2024-06-05,"PaulNetter",c(350539.415, 5776268.504)
NA,NA,350526.757,5776274.807,NA,NA,NA,NA,NA,NA,NA,"Larix decidua",NA,NA,NA,2024-06-05,"PaulNetter",c(350526.757, 5776274.807)
1,"LW01",349687.514744384,5775922.1949889,NA,NA,NA,NA,NA,NA,NA,"Alnus glutinosa",37.8,NA,NA,2023-06-01,"Studienprojekt2023",c(349687.514744384, 5775922.1949889)
2,"LW01",349690.240227301,5775920.99946785,NA,NA,NA,NA,NA,NA,NA,"Alnus glutinosa",39,NA,NA,2023-06-01,"Studienprojekt2023",c(349690.240227301, 5775920.99946785)
3,"LW01",349690.359037374,5775922.88808846,NA,NA,NA,NA,NA,NA,NA,"Alnus glutinosa",38.5,NA,NA,2023-06-01,"Studienprojekt2023",c(349690.359037374, 5775922.88808846)
4,"LW01",349692.556279748,5775923.71207094,NA,NA,NA,NA,NA,NA,NA,"Alnus glutinosa",40.3,NA,NA,2023-06-01,"Studienprojekt2023",c(349692.556279748, 5775923.71207094)
5,"LW01",349694.995157144,5775920.74431484,NA,NA,NA,NA,NA,NA,NA,"Alnus glutinosa",49.4,NA,NA,2023-06-01,"Studienprojekt2023",c(349694.995157144, 5775920.74431484)
6,"LW01",349697.846296163,5775921.43721156,NA,NA,NA,NA,NA,NA,NA,"Alnus glutinosa",40.5,NA,NA,2023-06-01,"Studienprojekt2023",c(349697.846296163, 5775921.43721156)
7,"LW01",349701.749848126,5775919.31560539,NA,NA,NA,NA,NA,NA,NA,"Alnus glutinosa",19.3,NA,NA,2023-06-01,"Studienprojekt2023",c(349701.749848126, 5775919.31560539)
8,"LW01",349689.21898103,5775916.68939956,NA,NA,NA,NA,NA,NA,NA,"Alnus glutinosa",39.7,NA,NA,2023-06-01,"Studienprojekt2023",c(349689.21898103, 5775916.68939956)
9,"LW01",349690.395693595,5775937.69077877,NA,NA,NA,NA,NA,NA,NA,"Alnus glutinosa",15.1,NA,NA,2023-06-01,"Studienprojekt2023",c(349690.395693595, 5775937.69077877)
10,"LW01",349684.554314216,5775933.97176242,NA,NA,NA,NA,NA,NA,NA,"Alnus glutinosa",14.3,NA,NA,2023-06-01,"Studienprojekt2023",c(349684.554314216, 5775933.97176242)
11,"LW01",349689.183928371,5775931.16033897,NA,NA,NA,NA,NA,NA,NA,"Alnus glutinosa",48.5,NA,NA,2023-06-01,"Studienprojekt2023",c(349689.183928371, 5775931.16033897)
12,"LW01",349705.97368431,5775926.4227737,NA,NA,NA,NA,NA,NA,NA,"Alnus glutinosa",22.5,NA,NA,2023-06-01,"Studienprojekt2023",c(349705.97368431, 5775926.4227737)
13,"LW01",349697.076704999,5775933.14770162,NA,NA,NA,NA,NA,NA,NA,"Alnus glutinosa",17.8,NA,NA,2023-06-01,"Studienprojekt2023",c(349697.076704999, 5775933.14770162)
14,"LW01",349687.46192247,5775924.97925601,NA,NA,NA,NA,NA,NA,NA,"Larix decidua",15.9,NA,NA,2023-06-01,"Studienprojekt2023",c(349687.46192247, 5775924.97925601)
15,"LW01",349674.282684224,5775931.49985915,NA,NA,NA,NA,NA,NA,NA,"Alnus glutinosa",39.2,NA,NA,2023-06-01,"Studienprojekt2023",c(349674.282684224, 5775931.49985915)
16,"LW01",349672.621222995,5775927.32047064,NA,NA,NA,NA,NA,NA,NA,"Alnus glutinosa",42.5,NA,NA,2023-06-01,"Studienprojekt2023",c(349672.621222995, 5775927.32047064)
17,"LW01",349672.653848735,5775923.86897334,NA,NA,NA,NA,NA,NA,NA,"Alnus glutinosa",37.5,NA,NA,2023-06-01,"Studienprojekt2023",c(349672.653848735, 5775923.86897334)
18,"LW01",349672.597470635,5775920.42016898,NA,NA,NA,NA,NA,NA,NA,"Quercus robur",47.7,NA,NA,2023-06-01,"Studienprojekt2023",c(349672.597470635, 5775920.42016898)
19,"LW01",349670.626742272,5775918.47627377,NA,NA,NA,NA,NA,NA,NA,"Alnus glutinosa",50,NA,NA,2023-06-01,"Studienprojekt2023",c(349670.626742272, 5775918.47627377)
20,"LW01",349669.912515827,5775916.16044136,NA,NA,NA,NA,NA,NA,NA,"Quercus robur",58,NA,NA,2023-06-01,"Studienprojekt2023",c(349669.912515827, 5775916.16044136)
21,"LW01",349672.369966035,5775910.40944237,NA,NA,NA,NA,NA,NA,NA,"Alnus glutinosa",23.5,NA,NA,2023-06-01,"Studienprojekt2023",c(349672.369966035, 5775910.40944237)
22,"LW01",349680.025037578,5775908.84215525,NA,NA,NA,NA,NA,NA,NA,"Alnus glutinosa",18.7,NA,NA,2023-06-01,"Studienprojekt2023",c(349680.025037578, 5775908.84215525)
23,"LW01",349679.304438344,5775905.63606034,NA,NA,NA,NA,NA,NA,NA,"Alnus glutinosa",15.2,NA,NA,2023-06-01,"Studienprojekt2023",c(349679.304438344, 5775905.63606034)
24,"LW01",349680.941172373,5775911.26318707,NA,NA,NA,NA,NA,NA,NA,"Alnus glutinosa",16,NA,NA,2023-06-01,"Studienprojekt2023",c(349680.941172373, 5775911.26318707)
25,"LW01",349687.227419957,5775908.84686995,NA,NA,NA,NA,NA,NA,NA,"Alnus glutinosa",23.3,NA,NA,2023-06-01,"Studienprojekt2023",c(349687.227419957, 5775908.84686995)
26,"LW06",349813.275358204,5775755.99559531,NA,NA,NA,NA,NA,NA,NA,"Alnus glutinosa",59.5,NA,NA,2023-06-01,"Studienprojekt2023",c(349813.275358204, 5775755.99559531)
27,"LW06",349811.107326739,5775757.95333912,NA,NA,NA,NA,NA,NA,NA,"Sorbus aucuparia",14.6,NA,NA,2023-06-01,"Studienprojekt2023",c(349811.107326739, 5775757.95333912)
28,"LW06",349809.966408854,5775753.53556145,NA,NA,NA,NA,NA,NA,NA,"Sorbus aucuparia",15.4,NA,NA,2023-06-01,"Studienprojekt2023",c(349809.966408854, 5775753.53556145)
29,"LW06",349809.442683859,5775747.31822263,NA,NA,NA,NA,NA,NA,NA,"Quercus robur",61.2,NA,NA,2023-06-01,"Studienprojekt2023",c(349809.442683859, 5775747.31822263)
30,"LW06",349809.590555778,5775739.9675177,NA,NA,NA,NA,NA,NA,NA,"Quercus robur",41.8,NA,NA,2023-06-01,"Studienprojekt2023",c(349809.590555778, 5775739.9675177)
31,"LW06",349812.995482449,5775736.08017506,NA,NA,NA,NA,NA,NA,NA,"Quercus robur",56.7,NA,NA,2023-06-01,"Studienprojekt2023",c(349812.995482449, 5775736.08017506)
32,"LW06",349814.015891812,5775735.60410592,NA,NA,NA,NA,NA,NA,NA,"Sorbus aucuparia",14,NA,NA,2023-06-01,"Studienprojekt2023",c(349814.015891812, 5775735.60410592)
33,"LW06",349806.793594918,5775734.04150527,NA,NA,NA,NA,NA,NA,NA,"Quercus robur",60.1,NA,NA,2023-06-01,"Studienprojekt2023",c(349806.793594918, 5775734.04150527)
34,"LW06",349801.143319524,5775737.32888549,NA,NA,NA,NA,NA,NA,NA,"Quercus robur",52.1,NA,NA,2023-06-01,"Studienprojekt2023",c(349801.143319524, 5775737.32888549)
35,"LW06",349799.43937802,5775741.94396398,NA,NA,NA,NA,NA,NA,NA,"Quercus robur",48.8,NA,NA,2023-06-01,"Studienprojekt2023",c(349799.43937802, 5775741.94396398)
36,"LW06",349790.955934834,5775742.86825509,NA,NA,NA,NA,NA,NA,NA,"Sorbus aucuparia",21.7,NA,NA,2023-06-01,"Studienprojekt2023",c(349790.955934834, 5775742.86825509)
37,"LW06",349796.173373927,5775742.26530561,NA,NA,NA,NA,NA,NA,NA,"Quercus robur",58.2,NA,NA,2023-06-01,"Studienprojekt2023",c(349796.173373927, 5775742.26530561)
38,"LW06",349798.633497386,5775750.65024017,NA,NA,NA,NA,NA,NA,NA,"Quercus robur",50.4,NA,NA,2023-06-01,"Studienprojekt2023",c(349798.633497386, 5775750.65024017)
39,"LW06",349786.14840308,5775757.48345224,NA,NA,NA,NA,NA,NA,NA,"Quercus robur",55.8,NA,NA,2023-06-01,"Studienprojekt2023",c(349786.14840308, 5775757.48345224)
40,"LW06",349791.036077423,5775758.89398503,NA,NA,NA,NA,NA,NA,NA,"Quercus robur",49.3,NA,NA,2023-06-01,"Studienprojekt2023",c(349791.036077423, 5775758.89398503)
41,"LW07",350005.807740325,5775986.37201631,NA,NA,NA,NA,NA,NA,NA,"Betula pendula",15.9,NA,NA,2023-06-01,"Studienprojekt2023",c(350005.807740325, 5775986.37201631)
42,"LW07",349998.146717459,5775980.70406455,NA,NA,NA,NA,NA,NA,NA,"Alnus glutinosa",29.2,NA,NA,2023-06-01,"Studienprojekt2023",c(349998.146717459, 5775980.70406455)
43,"LW07",350001.097110467,5775981.28282832,NA,NA,NA,NA,NA,NA,NA,"Fagus sylvatica",19.2,NA,NA,2023-06-01,"Studienprojekt2023",c(350001.097110467, 5775981.28282832)
44,"LW07",349997.518560853,5775977.82906194,NA,NA,NA,NA,NA,NA,NA,"Alnus glutinosa",28.1,NA,NA,2023-06-01,"Studienprojekt2023",c(349997.518560853, 5775977.82906194)
45,"LW07",350003.277552727,5775975.65167841,NA,NA,NA,NA,NA,NA,NA,"Alnus glutinosa",38,NA,NA,2023-06-01,"Studienprojekt2023",c(350003.277552727, 5775975.65167841)
46,"LW07",349994.825233159,5775976.6860067,NA,NA,NA,NA,NA,NA,NA,"Alnus glutinosa",38,NA,NA,2023-06-01,"Studienprojekt2023",c(349994.825233159, 5775976.6860067)
47,"LW07",350006.726942077,5775977.55105807,NA,NA,NA,NA,NA,NA,NA,"Fagus sylvatica",36.1,NA,NA,2023-06-01,"Studienprojekt2023",c(350006.726942077, 5775977.55105807)
48,"LW07",350006.718058078,5775975.21389127,NA,NA,NA,NA,NA,NA,NA,"Betula pendula",15,NA,NA,2023-06-01,"Studienprojekt2023",c(350006.718058078, 5775975.21389127)
49,"LW07",350009.419154461,5775974.79842836,NA,NA,NA,NA,NA,NA,NA,"Alnus glutinosa",25.3,NA,NA,2023-06-01,"Studienprojekt2023",c(350009.419154461, 5775974.79842836)
50,"LW07",350012.129978101,5775981.06105867,NA,NA,NA,NA,NA,NA,NA,"Alnus glutinosa",15,NA,NA,2023-06-01,"Studienprojekt2023",c(350012.129978101, 5775981.06105867)
51,"LW07",350013.572844096,5775983.91146815,NA,NA,NA,NA,NA,NA,NA,"Quercus robur",26.5,NA,NA,2023-06-01,"Studienprojekt2023",c(350013.572844096, 5775983.91146815)
52,"LW07",350016.951329727,5775984.14339862,NA,NA,NA,NA,NA,NA,NA,"Betula pendula",15,NA,NA,2023-06-01,"Studienprojekt2023",c(350016.951329727, 5775984.14339862)
53,"LW07",350016.988653792,5775984.69880399,NA,NA,NA,NA,NA,NA,NA,"Betula pendula",18.5,NA,NA,2023-06-01,"Studienprojekt2023",c(350016.988653792, 5775984.69880399)
54,"LW07",350017.320371733,5775985.2453224,NA,NA,NA,NA,NA,NA,NA,"Quercus robur",14.9,NA,NA,2023-06-01,"Studienprojekt2023",c(350017.320371733, 5775985.2453224)
55,"LW07",350025.234604296,5775979.55240513,NA,NA,NA,NA,NA,NA,NA,"Alnus glutinosa",40.5,NA,NA,2023-06-01,"Studienprojekt2023",c(350025.234604296, 5775979.55240513)
56,"LW07",350022.926579253,5775980.95775191,NA,NA,NA,NA,NA,NA,NA,"Quercus robur",43.9,NA,NA,2023-06-01,"Studienprojekt2023",c(350022.926579253, 5775980.95775191)
57,"LW07",350020.057242138,5775976.48080399,NA,NA,NA,NA,NA,NA,NA,"Alnus glutinosa",24.4,NA,NA,2023-06-01,"Studienprojekt2023",c(350020.057242138, 5775976.48080399)
58,"LW07",350016.685597965,5775976.24866465,NA,NA,NA,NA,NA,NA,NA,"Fagus sylvatica",37.4,NA,NA,2023-06-01,"Studienprojekt2023",c(350016.685597965, 5775976.24866465)
59,"LW07",350015.47122551,5775974.83834006,NA,NA,NA,NA,NA,NA,NA,"Alnus glutinosa",31.8,NA,NA,2023-06-01,"Studienprojekt2023",c(350015.47122551, 5775974.83834006)
60,"LW07",350019.949555819,5775973.36747509,NA,NA,NA,NA,NA,NA,NA,"Alnus glutinosa",28.8,NA,NA,2023-06-01,"Studienprojekt2023",c(350019.949555819, 5775973.36747509)
61,"LW07",350020.394305722,5775973.79927524,NA,NA,NA,NA,NA,NA,NA,"Alnus glutinosa",22.1,NA,NA,2023-06-01,"Studienprojekt2023",c(350020.394305722, 5775973.79927524)
62,"LW07",350024.074835032,5775972.68641628,NA,NA,NA,NA,NA,NA,NA,"Alnus glutinosa",18.3,NA,NA,2023-06-01,"Studienprojekt2023",c(350024.074835032, 5775972.68641628)
63,"LW07",350025.284085472,5775971.20293088,NA,NA,NA,NA,NA,NA,NA,"Alnus glutinosa",16.5,NA,NA,2023-06-01,"Studienprojekt2023",c(350025.284085472, 5775971.20293088)
64,"LW07",350024.808859022,5775970.21551822,NA,NA,NA,NA,NA,NA,NA,"Alnus glutinosa",17.9,NA,NA,2023-06-01,"Studienprojekt2023",c(350024.808859022, 5775970.21551822)
65,"LW07",350024.232264245,5775967.00503732,NA,NA,NA,NA,NA,NA,NA,"Alnus glutinosa",15.5,NA,NA,2023-06-01,"Studienprojekt2023",c(350024.232264245, 5775967.00503732)
66,"LW07",350019.771506971,5775967.69622272,NA,NA,NA,NA,NA,NA,NA,"Alnus glutinosa",17.2,NA,NA,2023-06-01,"Studienprojekt2023",c(350019.771506971, 5775967.69622272)
67,"LW07",350018.471046035,5775961.39101389,NA,NA,NA,NA,NA,NA,NA,"Fagus sylvatica",39,NA,NA,2023-06-01,"Studienprojekt2023",c(350018.471046035, 5775961.39101389)
68,"LW07",350016.242740801,5775961.12436068,NA,NA,NA,NA,NA,NA,NA,"Alnus glutinosa",30.1,NA,NA,2023-06-01,"Studienprojekt2023",c(350016.242740801, 5775961.12436068)
69,"LW07",350013.896458463,5775963.53262396,NA,NA,NA,NA,NA,NA,NA,"Alnus glutinosa",24.1,NA,NA,2023-06-01,"Studienprojekt2023",c(350013.896458463, 5775963.53262396)
70,"LW07",350012.966588776,5775967.23380661,NA,NA,NA,NA,NA,NA,NA,"Alnus glutinosa",28.3,NA,NA,2023-06-01,"Studienprojekt2023",c(350012.966588776, 5775967.23380661)
71,"LW07",350010.471937139,5775965.86213235,NA,NA,NA,NA,NA,NA,NA,"Alnus glutinosa",37.4,NA,NA,2023-06-01,"Studienprojekt2023",c(350010.471937139, 5775965.86213235)
72,"LW07",350009.215371065,5775960.55735806,NA,NA,NA,NA,NA,NA,NA,"Alnus glutinosa",15.9,NA,NA,2023-06-01,"Studienprojekt2023",c(350009.215371065, 5775960.55735806)
73,"LW07",350004.590163794,5775961.47613426,NA,NA,NA,NA,NA,NA,NA,"Alnus glutinosa",23.7,NA,NA,2023-06-01,"Studienprojekt2023",c(350004.590163794, 5775961.47613426)
74,"LW07",350009.332264879,5775971.23924585,NA,NA,NA,NA,NA,NA,NA,"Alnus glutinosa",16.7,NA,NA,2023-06-01,"Studienprojekt2023",c(350009.332264879, 5775971.23924585)
75,"LW08",350333.687060149,5776190.52591019,NA,NA,NA,NA,NA,NA,NA,"Pinus sylvestris",36.4,NA,NA,2023-06-01,"Studienprojekt2023",c(350333.687060149, 5776190.52591019)
76,"LW08",350337.323342283,5776194.0894679,NA,NA,NA,NA,NA,NA,NA,"Pinus strobus",9.2,NA,NA,2023-06-01,"Studienprojekt2023",c(350337.323342283, 5776194.0894679)
77,"LW08",350339.105503044,5776195.92798462,NA,NA,NA,NA,NA,NA,NA,"Pinus sylvestris",34,NA,NA,2023-06-01,"Studienprojekt2023",c(350339.105503044, 5776195.92798462)
78,"LW08",350335.579479907,5776201.71081809,NA,NA,NA,NA,NA,NA,NA,"Pinus sylvestris",38.3,NA,NA,2023-06-01,"Studienprojekt2023",c(350335.579479907, 5776201.71081809)
79,"LW08",350340.44076894,5776200.67392329,NA,NA,NA,NA,NA,NA,NA,"Pinus strobus",8.4,NA,NA,2023-06-01,"Studienprojekt2023",c(350340.44076894, 5776200.67392329)
80,"LW08",350344.669032805,5776194.09079682,NA,NA,NA,NA,NA,NA,NA,"Pinus sylvestris",28.8,NA,NA,2023-06-01,"Studienprojekt2023",c(350344.669032805, 5776194.09079682)
81,"LW08",350348.835527547,5776192.96353425,NA,NA,NA,NA,NA,NA,NA,"Pinus sylvestris",36.4,NA,NA,2023-06-01,"Studienprojekt2023",c(350348.835527547, 5776192.96353425)
82,"LW08",350348.035104244,5776197.32858327,NA,NA,NA,NA,NA,NA,NA,"Betula pendula",10.5,NA,NA,2023-06-01,"Studienprojekt2023",c(350348.035104244, 5776197.32858327)
83,"LW08",350345.432720274,5776198.74264847,NA,NA,NA,NA,NA,NA,NA,"Pinus strobus",8,NA,NA,2023-06-01,"Studienprojekt2023",c(350345.432720274, 5776198.74264847)
84,"LW08",350350.740956804,5776184.33556831,NA,NA,NA,NA,NA,NA,NA,"Pinus sylvestris",41,NA,NA,2023-06-01,"Studienprojekt2023",c(350350.740956804, 5776184.33556831)
85,"LW08",350326.683982324,5776216.2259912,NA,NA,NA,NA,NA,NA,NA,"Betula pendula",12.3,NA,NA,2023-06-01,"Studienprojekt2023",c(350326.683982324, 5776216.2259912)
86,"LW08",350342.038645131,5776212.09031815,NA,NA,NA,NA,NA,NA,NA,"Betula pendula",13,NA,NA,2023-06-01,"Studienprojekt2023",c(350342.038645131, 5776212.09031815)
87,"LW08",350353.0252559,5776208.53149048,NA,NA,NA,NA,NA,NA,NA,"Pinus strobus",9.6,NA,NA,2023-06-01,"Studienprojekt2023",c(350353.0252559, 5776208.53149048)
88,"LW08",350356.065516466,5776202.31807742,NA,NA,NA,NA,NA,NA,NA,"Pinus sylvestris",28,NA,NA,2023-06-01,"Studienprojekt2023",c(350356.065516466, 5776202.31807742)
89,"LW08",350360.829462569,5776208.74164303,NA,NA,NA,NA,NA,NA,NA,"Pinus sylvestris",36.3,NA,NA,2023-06-01,"Studienprojekt2023",c(350360.829462569, 5776208.74164303)
90,"LW08",350355.57531239,5776213.79737124,NA,NA,NA,NA,NA,NA,NA,"Pinus sylvestris",41.2,NA,NA,2023-06-01,"Studienprojekt2023",c(350355.57531239, 5776213.79737124)
91,"LW08",350347.991926264,5776216.14061602,NA,NA,NA,NA,NA,NA,NA,"Pinus sylvestris",39.1,NA,NA,2023-06-01,"Studienprojekt2023",c(350347.991926264, 5776216.14061602)
92,"LW10",350045.125394056,5776301.85195377,NA,NA,NA,NA,NA,NA,NA,"Pinus sylvestris",40.5,NA,NA,2023-06-01,"Studienprojekt2023",c(350045.125394056, 5776301.85195377)
93,"LW10",350051.394807275,5776304.11145845,NA,NA,NA,NA,NA,NA,NA,"Betula pendula",8.9,NA,NA,2023-06-01,"Studienprojekt2023",c(350051.394807275, 5776304.11145845)
94,"LW10",350051.115754716,5776307.12515535,NA,NA,NA,NA,NA,NA,NA,"Betula pendula",15.3,NA,NA,2023-06-01,"Studienprojekt2023",c(350051.115754716, 5776307.12515535)
95,"LW10",350056.301640996,5776312.53395114,NA,NA,NA,NA,NA,NA,NA,"Pinus sylvestris",47.8,NA,NA,2023-06-01,"Studienprojekt2023",c(350056.301640996, 5776312.53395114)
96,"LW10",350051.398542016,5776320.80731302,NA,NA,NA,NA,NA,NA,NA,"Betula pendula",17.7,NA,NA,2023-06-01,"Studienprojekt2023",c(350051.398542016, 5776320.80731302)
97,"LW10",350049.76144191,5776322.41501743,NA,NA,NA,NA,NA,NA,NA,"Betula pendula",16,NA,NA,2023-06-01,"Studienprojekt2023",c(350049.76144191, 5776322.41501743)
98,"LW10",350054.320946702,5776322.05478214,NA,NA,NA,NA,NA,NA,NA,"Pinus sylvestris",43.5,NA,NA,2023-06-01,"Studienprojekt2023",c(350054.320946702, 5776322.05478214)
99,"LW10",350055.676036974,5776322.68172009,NA,NA,NA,NA,NA,NA,NA,"Pinus sylvestris",41.8,NA,NA,2023-06-01,"Studienprojekt2023",c(350055.676036974, 5776322.68172009)
100,"LW10",350059.663043626,5776323.78575313,NA,NA,NA,NA,NA,NA,NA,"Betula pendula",16.2,NA,NA,2023-06-01,"Studienprojekt2023",c(350059.663043626, 5776323.78575313)
101,"LW10",350061.141092607,5776324.85420712,NA,NA,NA,NA,NA,NA,NA,"Betula pendula",16.4,NA,NA,2023-06-01,"Studienprojekt2023",c(350061.141092607, 5776324.85420712)
102,"LW10",350062.740343034,5776323.58156826,NA,NA,NA,NA,NA,NA,NA,"Pinus sylvestris",42.3,NA,NA,2023-06-01,"Studienprojekt2023",c(350062.740343034, 5776323.58156826)
103,"LW10",350039.752496007,5776311.58649221,NA,NA,NA,NA,NA,NA,NA,"Betula pendula",27.6,NA,NA,2023-06-01,"Studienprojekt2023",c(350039.752496007, 5776311.58649221)
104,"LW10",350041.424536962,5776314.54129467,NA,NA,NA,NA,NA,NA,NA,"Pinus sylvestris",41.5,NA,NA,2023-06-01,"Studienprojekt2023",c(350041.424536962, 5776314.54129467)
105,"LW10",350046.619923657,5776315.49753561,NA,NA,NA,NA,NA,NA,NA,"Pinus sylvestris",41.2,NA,NA,2023-06-01,"Studienprojekt2023",c(350046.619923657, 5776315.49753561)
106,"LW10",350043.69402394,5776314.36148271,NA,NA,NA,NA,NA,NA,NA,"Betula pendula",16,NA,NA,2023-06-01,"Studienprojekt2023",c(350043.69402394, 5776314.36148271)
107,"LW10",350038.689158432,5776332.65551198,NA,NA,NA,NA,NA,NA,NA,"Betula pendula",24.4,NA,NA,2023-06-01,"Studienprojekt2023",c(350038.689158432, 5776332.65551198)
108,"LW10",350036.980250624,5776334.15408217,NA,NA,NA,NA,NA,NA,NA,"Picea abies",4.2,NA,NA,2023-06-01,"Studienprojekt2023",c(350036.980250624, 5776334.15408217)
109,"LW10",350037.846189406,5776334.23924881,NA,NA,NA,NA,NA,NA,NA,"Picea abies",5,NA,NA,2023-06-01,"Studienprojekt2023",c(350037.846189406, 5776334.23924881)
110,"LW10",350034.934121844,5776332.88017097,NA,NA,NA,NA,NA,NA,NA,"Picea abies",6,NA,NA,2023-06-01,"Studienprojekt2023",c(350034.934121844, 5776332.88017097)
111,"LW10",350032.738964753,5776328.93940403,NA,NA,NA,NA,NA,NA,NA,"Picea abies",5.9,NA,NA,2023-06-01,"Studienprojekt2023",c(350032.738964753, 5776328.93940403)
112,"LW10",350029.140590759,5776330.49501571,NA,NA,NA,NA,NA,NA,NA,"Betula pendula",31.8,NA,NA,2023-06-01,"Studienprojekt2023",c(350029.140590759, 5776330.49501571)
113,"LW10",350041.021175676,5776330.91552034,NA,NA,NA,NA,NA,NA,NA,"Betula pendula",28.5,NA,NA,2023-06-01,"Studienprojekt2023",c(350041.021175676, 5776330.91552034)
114,"LW10",350045.027922942,5776333.35462313,NA,NA,NA,NA,NA,NA,NA,"Pinus sylvestris",40.8,NA,NA,2023-06-01,"Studienprojekt2023",c(350045.027922942, 5776333.35462313)
115,"LW10",350046.45504723,5776327.96883541,NA,NA,NA,NA,NA,NA,NA,"Betula pendula",16.8,NA,NA,2023-06-01,"Studienprojekt2023",c(350046.45504723, 5776327.96883541)
116,"LW10",350045.363193007,5776327.89048648,NA,NA,NA,NA,NA,NA,NA,"Betula pendula",18.9,NA,NA,2023-06-01,"Studienprojekt2023",c(350045.363193007, 5776327.89048648)
117,"LW10",350044.225800537,5776323.80647985,NA,NA,NA,NA,NA,NA,NA,"Betula pendula",28.4,NA,NA,2023-06-01,"Studienprojekt2023",c(350044.225800537, 5776323.80647985)
118,"LW13",349882.640158622,5775650.4957051,NA,NA,NA,NA,NA,NA,NA,"Pinus sylvestris",45.9,NA,NA,2023-06-01,"Studienprojekt2023",c(349882.640158622, 5775650.4957051)
119,"LW13",349877.557643051,5775654.43367743,NA,NA,NA,NA,NA,NA,NA,"Pinus sylvestris",49.9,NA,NA,2023-06-01,"Studienprojekt2023",c(349877.557643051, 5775654.43367743)
120,"LW13",349876.12904882,5775662.26829398,NA,NA,NA,NA,NA,NA,NA,"Quercus robur",14.3,NA,NA,2023-06-01,"Studienprojekt2023",c(349876.12904882, 5775662.26829398)
121,"LW13",349875.975186265,5775661.93902305,NA,NA,NA,NA,NA,NA,NA,"Quercus robur",22,NA,NA,2023-06-01,"Studienprojekt2023",c(349875.975186265, 5775661.93902305)
122,"LW13",349877.809878983,5775662.32881856,NA,NA,NA,NA,NA,NA,NA,"Pinus sylvestris",49.5,NA,NA,2023-06-01,"Studienprojekt2023",c(349877.809878983, 5775662.32881856)
123,"LW13",349873.482363828,5775669.02664843,NA,NA,NA,NA,NA,NA,NA,"Betula pendula",16.5,NA,NA,2023-06-01,"Studienprojekt2023",c(349873.482363828, 5775669.02664843)
124,"LW13",349870.162228878,5775674.13575449,NA,NA,NA,NA,NA,NA,NA,"Pinus sylvestris",39.4,NA,NA,2023-06-01,"Studienprojekt2023",c(349870.162228878, 5775674.13575449)
125,"LW13",349862.568872591,5775674.81041125,NA,NA,NA,NA,NA,NA,NA,"Pinus sylvestris",42.4,NA,NA,2023-06-01,"Studienprojekt2023",c(349862.568872591, 5775674.81041125)
126,"LW13",349862.237235205,5775662.02018178,NA,NA,NA,NA,NA,NA,NA,"Pinus sylvestris",52,NA,NA,2023-06-01,"Studienprojekt2023",c(349862.237235205, 5775662.02018178)
127,"LW13",349890.416951584,5775664.28538298,NA,NA,NA,NA,NA,NA,NA,"Pinus sylvestris",45.3,NA,NA,2023-06-01,"Studienprojekt2023",c(349890.416951584, 5775664.28538298)
128,"LW13",349891.19803421,5775669.27057883,NA,NA,NA,NA,NA,NA,NA,"Pinus sylvestris",33.8,NA,NA,2023-06-01,"Studienprojekt2023",c(349891.19803421, 5775669.27057883)
129,"LW13",349881.50265369,5775664.10946345,NA,NA,NA,NA,NA,NA,NA,"Pinus sylvestris",37.4,NA,NA,2023-06-01,"Studienprojekt2023",c(349881.50265369, 5775664.10946345)
130,"LW14",350245.899031533,5776119.26403851,NA,NA,NA,NA,NA,NA,NA,"Pinus sylvestris",26,NA,NA,2023-06-01,"Studienprojekt2023",c(350245.899031533, 5776119.26403851)
131,"LW14",350246.081805758,5776117.14371144,NA,NA,NA,NA,NA,NA,NA,"Pinus sylvestris",27.5,NA,NA,2023-06-01,"Studienprojekt2023",c(350246.081805758, 5776117.14371144)
132,"LW14",350245.280435257,5776112.38170031,NA,NA,NA,NA,NA,NA,NA,"Pinus sylvestris",27.2,NA,NA,2023-06-01,"Studienprojekt2023",c(350245.280435257, 5776112.38170031)
133,"LW14",350249.172059047,5776107.58953765,NA,NA,NA,NA,NA,NA,NA,"Betula pendula",15.5,NA,NA,2023-06-01,"Studienprojekt2023",c(350249.172059047, 5776107.58953765)
134,"LW14",350246.362193804,5776106.89508966,NA,NA,NA,NA,NA,NA,NA,"Betula pendula",12.2,NA,NA,2023-06-01,"Studienprojekt2023",c(350246.362193804, 5776106.89508966)
135,"LW14",350245.576303059,5776104.69265443,NA,NA,NA,NA,NA,NA,NA,"Pinus sylvestris",34.3,NA,NA,2023-06-01,"Studienprojekt2023",c(350245.576303059, 5776104.69265443)
136,"LW14",350252.372007384,5776097.80944781,NA,NA,NA,NA,NA,NA,NA,"Pinus sylvestris",32.2,NA,NA,2023-06-01,"Studienprojekt2023",c(350252.372007384, 5776097.80944781)
137,"LW14",350257.484771662,5776094.42746667,NA,NA,NA,NA,NA,NA,NA,"Pinus sylvestris",53.9,NA,NA,2023-06-01,"Studienprojekt2023",c(350257.484771662, 5776094.42746667)
138,"LW14",350259.362767053,5776101.71707204,NA,NA,NA,NA,NA,NA,NA,"Pinus sylvestris",41.6,NA,NA,2023-06-01,"Studienprojekt2023",c(350259.362767053, 5776101.71707204)
139,"LW14",350257.396263904,5776109.67908145,NA,NA,NA,NA,NA,NA,NA,"Pinus sylvestris",31.2,NA,NA,2023-06-01,"Studienprojekt2023",c(350257.396263904, 5776109.67908145)
140,"LW14",350264.718605602,5776119.58725198,NA,NA,NA,NA,NA,NA,NA,"Pinus sylvestris",38,NA,NA,2023-06-01,"Studienprojekt2023",c(350264.718605602, 5776119.58725198)
141,"LW14",350250.106663877,5776128.82085019,NA,NA,NA,NA,NA,NA,NA,"Pinus sylvestris",27.8,NA,NA,2023-06-01,"Studienprojekt2023",c(350250.106663877, 5776128.82085019)
142,"LW14",350257.251138092,5776138.51175832,NA,NA,NA,NA,NA,NA,NA,"Pinus sylvestris",33.9,NA,NA,2023-06-01,"Studienprojekt2023",c(350257.251138092, 5776138.51175832)
143,"LW14",350264.521608682,5776138.51524007,NA,NA,NA,NA,NA,NA,NA,"Betula pendula",12,NA,NA,2023-06-01,"Studienprojekt2023",c(350264.521608682, 5776138.51524007)
144,"LW14",350264.579522134,5776133.61602257,NA,NA,NA,NA,NA,NA,NA,"Pinus sylvestris",29.3,NA,NA,2023-06-01,"Studienprojekt2023",c(350264.579522134, 5776133.61602257)
145,"LW14",350263.578203119,5776131.08615924,NA,NA,NA,NA,NA,NA,NA,"Pinus sylvestris",29.6,NA,NA,2023-06-01,"Studienprojekt2023",c(350263.578203119, 5776131.08615924)
146,"LW14",350262.53474032,5776124.88446222,NA,NA,NA,NA,NA,NA,NA,"Pinus sylvestris",39.1,NA,NA,2023-06-01,"Studienprojekt2023",c(350262.53474032, 5776124.88446222)
147,"LW14",350261.567221213,5776123.02141759,NA,NA,NA,NA,NA,NA,NA,"Betula pendula",39.8,NA,NA,2023-06-01,"Studienprojekt2023",c(350261.567221213, 5776123.02141759)
148,"LW14",350279.241503815,5776115.81038478,NA,NA,NA,NA,NA,NA,NA,"Fraxinus excelsior",15.1,NA,NA,2023-06-01,"Studienprojekt2023",c(350279.241503815, 5776115.81038478)
149,"LW14",350284.222503772,5776120.335139,NA,NA,NA,NA,NA,NA,NA,"Pinus strobus",11.2,NA,NA,2023-06-01,"Studienprojekt2023",c(350284.222503772, 5776120.335139)
150,"LW14",350279.688323995,5776123.58835089,NA,NA,NA,NA,NA,NA,NA,"Pinus sylvestris",33.7,NA,NA,2023-06-01,"Studienprojekt2023",c(350279.688323995, 5776123.58835089)
151,"LW14",350270.067161187,5776127.44010005,NA,NA,NA,NA,NA,NA,NA,"Pinus sylvestris",27.2,NA,NA,2023-06-01,"Studienprojekt2023",c(350270.067161187, 5776127.44010005)
152,"LW14",350267.368852268,5776123.62570582,NA,NA,NA,NA,NA,NA,NA,"Betula pendula",13.2,NA,NA,2023-06-01,"Studienprojekt2023",c(350267.368852268, 5776123.62570582)
153,"LW14",350268.568363883,5776121.36343113,NA,NA,NA,NA,NA,NA,NA,"Pinus sylvestris",34.7,NA,NA,2023-06-01,"Studienprojekt2023",c(350268.568363883, 5776121.36343113)
154,"LW14",350269.610643448,5776113.4292806,NA,NA,NA,NA,NA,NA,NA,"Betula pendula",13.4,NA,NA,2023-06-01,"Studienprojekt2023",c(350269.610643448, 5776113.4292806)
155,"LW14",350266.625789131,5776108.06523588,NA,NA,NA,NA,NA,NA,NA,"Pinus sylvestris",37.4,NA,NA,2023-06-01,"Studienprojekt2023",c(350266.625789131, 5776108.06523588)
156,"LW14",350264.614277156,5776116.80774184,NA,NA,NA,NA,NA,NA,NA,"Pinus sylvestris",38,NA,NA,2023-06-01,"Studienprojekt2023",c(350264.614277156, 5776116.80774184)
157,"LW15",349921.856090871,5776314.14495375,NA,NA,NA,NA,NA,NA,NA,"Pinus sylvestris",45.3,NA,NA,2023-06-01,"Studienprojekt2023",c(349921.856090871, 5776314.14495375)
158,"LW15",349917.542338296,5776309.71170266,NA,NA,NA,NA,NA,NA,NA,"Pinus sylvestris",53.5,NA,NA,2023-06-01,"Studienprojekt2023",c(349917.542338296, 5776309.71170266)
159,"LW15",349915.376806744,5776307.66229977,NA,NA,NA,NA,NA,NA,NA,"Betula pendula",29.4,NA,NA,2023-06-01,"Studienprojekt2023",c(349915.376806744, 5776307.66229977)
160,"LW15",349909.803716023,5776308.72112426,NA,NA,NA,NA,NA,NA,NA,"Betula pendula",15.7,NA,NA,2023-06-01,"Studienprojekt2023",c(349909.803716023, 5776308.72112426)
161,"LW15",349898.091510103,5776300.94960587,NA,NA,NA,NA,NA,NA,NA,"Pinus sylvestris",45.1,NA,NA,2023-06-01,"Studienprojekt2023",c(349898.091510103, 5776300.94960587)
162,"LW15",349902.644988087,5776293.13187154,NA,NA,NA,NA,NA,NA,NA,"Pinus sylvestris",31.5,NA,NA,2023-06-01,"Studienprojekt2023",c(349902.644988087, 5776293.13187154)
163,"LW15",349909.316301071,5776293.04161955,NA,NA,NA,NA,NA,NA,NA,"Betula pendula",23.3,NA,NA,2023-06-01,"Studienprojekt2023",c(349909.316301071, 5776293.04161955)
164,"LW15",349911.380291051,5776293.09056918,NA,NA,NA,NA,NA,NA,NA,"Pinus sylvestris",38.7,NA,NA,2023-06-01,"Studienprojekt2023",c(349911.380291051, 5776293.09056918)
165,"LW15",349917.438320591,5776294.02061573,NA,NA,NA,NA,NA,NA,NA,"Pinus sylvestris",43.6,NA,NA,2023-06-01,"Studienprojekt2023",c(349917.438320591, 5776294.02061573)
166,"LW15",349931.336065608,5776304.73143582,NA,NA,NA,NA,NA,NA,NA,"Pinus sylvestris",39.2,NA,NA,2023-06-01,"Studienprojekt2023",c(349931.336065608, 5776304.73143582)
167,"LW15",349938.557628819,5776306.07158591,NA,NA,NA,NA,NA,NA,NA,"Betula pendula",17.2,NA,NA,2023-06-01,"Studienprojekt2023",c(349938.557628819, 5776306.07158591)
168,"LW15",349935.445625255,5776295.14623843,NA,NA,NA,NA,NA,NA,NA,"Pinus sylvestris",33.4,NA,NA,2023-06-01,"Studienprojekt2023",c(349935.445625255, 5776295.14623843)
169,"LW15",349925.043912579,5776294.23607964,NA,NA,NA,NA,NA,NA,NA,"Betula pendula",17,NA,NA,2023-06-01,"Studienprojekt2023",c(349925.043912579, 5776294.23607964)
170,"LW15",349920.916130934,5776287.79368859,NA,NA,NA,NA,NA,NA,NA,"Pinus sylvestris",38.4,NA,NA,2023-06-01,"Studienprojekt2023",c(349920.916130934, 5776287.79368859)
171,"LW15",349938.967635761,5776289.47452263,NA,NA,NA,NA,NA,NA,NA,"Betula pendula",13.9,NA,NA,2023-06-01,"Studienprojekt2023",c(349938.967635761, 5776289.47452263)
172,"LW16",349851.597465024,5775837.64949435,NA,NA,NA,NA,NA,NA,NA,"Pinus sylvestris",53.6,NA,NA,2023-06-01,"Studienprojekt2023",c(349851.597465024, 5775837.64949435)
173,"LW16",349862.189204376,5775843.22867902,NA,NA,NA,NA,NA,NA,NA,"Pinus sylvestris",43.6,NA,NA,2023-06-01,"Studienprojekt2023",c(349862.189204376, 5775843.22867902)
174,"LW16",349853.981519223,5775847.14981536,NA,NA,NA,NA,NA,NA,NA,"Pinus sylvestris",37.5,NA,NA,2023-06-01,"Studienprojekt2023",c(349853.981519223, 5775847.14981536)
175,"LW16",349850.209062618,5775847.26381605,NA,NA,NA,NA,NA,NA,NA,"Betula pendula",14,NA,NA,2023-06-01,"Studienprojekt2023",c(349850.209062618, 5775847.26381605)
176,"LW16",349829.753024384,5775851.33253589,NA,NA,NA,NA,NA,NA,NA,"Pinus sylvestris",31.8,NA,NA,2023-06-01,"Studienprojekt2023",c(349829.753024384, 5775851.33253589)
177,"LW16",349832.827378465,5775850.79439195,NA,NA,NA,NA,NA,NA,NA,"Pinus sylvestris",54,NA,NA,2023-06-01,"Studienprojekt2023",c(349832.827378465, 5775850.79439195)
178,"LW16",349834.193199212,5775856.98628181,NA,NA,NA,NA,NA,NA,NA,"Pinus sylvestris",40.3,NA,NA,2023-06-01,"Studienprojekt2023",c(349834.193199212, 5775856.98628181)
179,"LW16",349836.608426491,5775847.56353386,NA,NA,NA,NA,NA,NA,NA,"Prunus serotina",14.1,NA,NA,2023-06-01,"Studienprojekt2023",c(349836.608426491, 5775847.56353386)
180,"LW16",349844.554014798,5775859.23320991,NA,NA,NA,NA,NA,NA,NA,"Pinus sylvestris",38.1,NA,NA,2023-06-01,"Studienprojekt2023",c(349844.554014798, 5775859.23320991)
181,"LW16",349846.326414171,5775854.61607712,NA,NA,NA,NA,NA,NA,NA,"Pinus sylvestris",36.8,NA,NA,2023-06-01,"Studienprojekt2023",c(349846.326414171, 5775854.61607712)
182,"LW16",349849.056207321,5775851.97353109,NA,NA,NA,NA,NA,NA,NA,"Betula pendula",14.6,NA,NA,2023-06-01,"Studienprojekt2023",c(349849.056207321, 5775851.97353109)
183,"LW17",349953.169605738,5775852.61274874,NA,NA,NA,NA,NA,NA,NA,"Pinus sylvestris",27.9,NA,NA,2023-06-01,"Studienprojekt2023",c(349953.169605738, 5775852.61274874)
184,"LW17",349959.445159689,5775857.09810876,NA,NA,NA,NA,NA,NA,NA,"Pinus sylvestris",40.5,NA,NA,2023-06-01,"Studienprojekt2023",c(349959.445159689, 5775857.09810876)
185,"LW17",349960.176668547,5775864.75616434,NA,NA,NA,NA,NA,NA,NA,"Pinus sylvestris",32.3,NA,NA,2023-06-01,"Studienprojekt2023",c(349960.176668547, 5775864.75616434)
186,"LW17",349958.028782254,5775867.38107446,NA,NA,NA,NA,NA,NA,NA,"Pinus sylvestris",32.4,NA,NA,2023-06-01,"Studienprojekt2023",c(349958.028782254, 5775867.38107446)
187,"LW17",349954.502687641,5775867.71017001,NA,NA,NA,NA,NA,NA,NA,"Pinus sylvestris",41.5,NA,NA,2023-06-01,"Studienprojekt2023",c(349954.502687641, 5775867.71017001)
188,"LW17",349950.452266805,5775863.15761796,NA,NA,NA,NA,NA,NA,NA,"Betula pendula",16.7,NA,NA,2023-06-01,"Studienprojekt2023",c(349950.452266805, 5775863.15761796)
189,"LW17",349941.374655204,5775867.77271897,NA,NA,NA,NA,NA,NA,NA,"Pinus sylvestris",46.3,NA,NA,2023-06-01,"Studienprojekt2023",c(349941.374655204, 5775867.77271897)
190,"LW17",349931.302750192,5775857.39149264,NA,NA,NA,NA,NA,NA,NA,"Betula pendula",26.5,NA,NA,2023-06-01,"Studienprojekt2023",c(349931.302750192, 5775857.39149264)
191,"LW17",349937.136138126,5775856.99269507,NA,NA,NA,NA,NA,NA,NA,"Pinus sylvestris",53.6,NA,NA,2023-06-01,"Studienprojekt2023",c(349937.136138126, 5775856.99269507)
192,"LW17",349943.318700639,5775856.58335895,NA,NA,NA,NA,NA,NA,NA,"Pinus sylvestris",32.3,NA,NA,2023-06-01,"Studienprojekt2023",c(349943.318700639, 5775856.58335895)
193,"LW17",349942.620321108,5775880.20142362,NA,NA,NA,NA,NA,NA,NA,"Pinus sylvestris",35,NA,NA,2023-06-01,"Studienprojekt2023",c(349942.620321108, 5775880.20142362)
194,"LW17",349932.120216248,5775876.28890525,NA,NA,NA,NA,NA,NA,NA,"Betula pendula",14.3,NA,NA,2023-06-01,"Studienprojekt2023",c(349932.120216248, 5775876.28890525)
195,"LW17",349931.889498134,5775872.73406608,NA,NA,NA,NA,NA,NA,NA,"Pinus sylvestris",28.1,NA,NA,2023-06-01,"Studienprojekt2023",c(349931.889498134, 5775872.73406608)
196,"LW17",349937.695868158,5775877.567489,NA,NA,NA,NA,NA,NA,NA,"Pinus sylvestris",38.3,NA,NA,2023-06-01,"Studienprojekt2023",c(349937.695868158, 5775877.567489)
197,"LW19",349978.606106484,5775744.76787997,NA,NA,NA,NA,NA,NA,NA,"Pinus sylvestris",37.9,NA,NA,2023-06-01,"Studienprojekt2023",c(349978.606106484, 5775744.76787997)
198,"LW19",349981.718129919,5775744.34000112,NA,NA,NA,NA,NA,NA,NA,"Pinus sylvestris",31.1,NA,NA,2023-06-01,"Studienprojekt2023",c(349981.718129919, 5775744.34000112)
199,"LW19",349976.111732196,5775742.72837078,NA,NA,NA,NA,NA,NA,NA,"Pinus sylvestris",30.2,NA,NA,2023-06-01,"Studienprojekt2023",c(349976.111732196, 5775742.72837078)
200,"LW20",350132.560479997,5775653.0804829,NA,NA,NA,NA,NA,NA,NA,"Pinus sylvestris",35.3,NA,NA,2023-06-01,"Studienprojekt2023",c(350132.560479997, 5775653.0804829)
201,"LW20",350136.620368926,5775653.40325956,NA,NA,NA,NA,NA,NA,NA,"Pinus sylvestris",44.1,NA,NA,2023-06-01,"Studienprojekt2023",c(350136.620368926, 5775653.40325956)
202,"LW20",350135.838164529,5775656.09820034,NA,NA,NA,NA,NA,NA,NA,"Betula pendula",22.3,NA,NA,2023-06-01,"Studienprojekt2023",c(350135.838164529, 5775656.09820034)
203,"LW20",350137.235650322,5775665.85099966,NA,NA,NA,NA,NA,NA,NA,"Pinus sylvestris",34.6,NA,NA,2023-06-01,"Studienprojekt2023",c(350137.235650322, 5775665.85099966)
204,"LW20",350140.941703794,5775657.16864725,NA,NA,NA,NA,NA,NA,NA,"Pinus sylvestris",34.9,NA,NA,2023-06-01,"Studienprojekt2023",c(350140.941703794, 5775657.16864725)
205,"LW20",350140.409444269,5775648.83673344,NA,NA,NA,NA,NA,NA,NA,"Pinus sylvestris",40.4,NA,NA,2023-06-01,"Studienprojekt2023",c(350140.409444269, 5775648.83673344)
206,"LW20",350128.263555502,5775643.08121688,NA,NA,NA,NA,NA,NA,NA,"Pinus sylvestris",23.5,NA,NA,2023-06-01,"Studienprojekt2023",c(350128.263555502, 5775643.08121688)
207,"LW20",350132.07333529,5775643.74545262,NA,NA,NA,NA,NA,NA,NA,"Pinus sylvestris",38.5,NA,NA,2023-06-01,"Studienprojekt2023",c(350132.07333529, 5775643.74545262)
208,"LW20",350130.662029208,5775639.6696887,NA,NA,NA,NA,NA,NA,NA,"Pinus sylvestris",35.9,NA,NA,2023-06-01,"Studienprojekt2023",c(350130.662029208, 5775639.6696887)
209,"LW20",350131.119217013,5775636.65063132,NA,NA,NA,NA,NA,NA,NA,"Pinus sylvestris",41.3,NA,NA,2023-06-01,"Studienprojekt2023",c(350131.119217013, 5775636.65063132)
210,"LW20",350137.507881252,5775635.567497,NA,NA,NA,NA,NA,NA,NA,"Betula pendula",11.5,NA,NA,2023-06-01,"Studienprojekt2023",c(350137.507881252, 5775635.567497)
211,"LW20",350140.82147746,5775635.91278579,NA,NA,NA,NA,NA,NA,NA,"Quercus robur",10.3,NA,NA,2023-06-01,"Studienprojekt2023",c(350140.82147746, 5775635.91278579)
212,"LW20",350154.41819826,5775642.73764301,NA,NA,NA,NA,NA,NA,NA,"Pinus sylvestris",33.2,NA,NA,2023-06-01,"Studienprojekt2023",c(350154.41819826, 5775642.73764301)
213,"LW20",350147.229297395,5775642.50921475,NA,NA,NA,NA,NA,NA,NA,"Betula pendula",13.2,NA,NA,2023-06-01,"Studienprojekt2023",c(350147.229297395, 5775642.50921475)
214,"LW20",350155.918492721,5775646.81072916,NA,NA,NA,NA,NA,NA,NA,"Pinus sylvestris",36.8,NA,NA,2023-06-01,"Studienprojekt2023",c(350155.918492721, 5775646.81072916)
215,"LW20",350155.219276635,5775653.62149318,NA,NA,NA,NA,NA,NA,NA,"Pinus sylvestris",36.1,NA,NA,2023-06-01,"Studienprojekt2023",c(350155.219276635, 5775653.62149318)
216,"LW20",350148.219306636,5775652.3856109,NA,NA,NA,NA,NA,NA,NA,"Pinus sylvestris",37.2,NA,NA,2023-06-01,"Studienprojekt2023",c(350148.219306636, 5775652.3856109)
