ID;East;North;Elev;Lon;Lat;Alt;Pdop;HRMS;VRMS;Time;art;umfang;durchmesser;kraft
1;350082.02;5775773.63;-2.00;6.81060979;52.11215533;-2.00;0.98;0.91;1.40;2024/11/13 09:34:30;"ps";81.00;-9999.00;"1"
2;350084.48;5775770.56;-2.00;6.81064702;52.11212842;-2.00;1.00;0.87;1.40;2024/11/13 09:38:08;"ps ";65.00;-9999.00;"3"
3;350086.20;5775767.71;-2.00;6.81067351;52.11210327;-2.00;1.05;1.20;1.90;2024/11/13 09:41:56;"ps";74.00;-9999.00;"2"
4;350084.66;5775768.23;-2.00;6.81065075;52.11210757;-2.00;0.96;0.69;0.96;2024/11/13 09:43:12;"bp";18.00;-9999.00;"5 "
5;350086.90;5775768.27;-2.00;6.81068341;52.11210855;-2.00;0.94;0.59;1.00;2024/11/13 09:44:52;"bp";24.00;-9999.00;"5 "
6;350087.75;5775772.54;-2.00;6.81069400;52.11214713;-2.00;0.92;0.44;0.78;2024/11/13 09:53:25;"ps";69.00;69.00;"2"
7;350087.50;5775771.15;-2.00;6.81069090;52.11213454;-2.00;0.89;0.64;1.10;2024/11/13 09:55:43;"ps";54.00;-9999.00;"1"
8;350089.83;5775773.55;-2.00;6.81072385;52.11215672;-2.00;0.94;0.53;0.91;2024/11/13 09:57:03;"ps ";71.00;-9999.00;"1"
9;350087.28;5775776.40;-2.00;6.81068539;52.11218167;-2.00;0.85;0.52;0.80;2024/11/13 09:58:01;"ps";68.00;-9999.00;"2"
10;350089.68;5775778.69;-2.00;6.81071938;52.11220286;-2.00;0.94;0.47;0.72;2024/11/13 09:59:41;"bp ";24.50;-9999.00;"4"
11;350089.21;5775778.08;-2.00;6.81071283;52.11219731;-2.00;0.89;0.49;0.69;2024/11/13 10:01:03;"bp";17.00;-9999.00;"5 "
12;350077.56;5775776.10;-2.00;6.81054362;52.11217630;-2.00;0.92;0.69;1.20;2024/11/13 10:03:11;"ps";71.00;-9999.00;"2"
13;350076.88;5775775.50;-2.00;6.81053396;52.11217075;-2.00;0.89;0.66;1.00;2024/11/13 10:04:33;"ps";59.00;-9999.00;"2"
14;350075.56;5775777.36;-2.00;6.81051386;52.11218713;-2.00;0.93;0.57;0.83;2024/11/13 10:05:21;"ps";47.00;-9999.00;"2"
15;350077.82;5775780.55;-2.00;6.81054553;52.11221636;-2.00;0.93;0.63;0.96;2024/11/13 10:06:37;"ps";71.50;-9999.00;"1"
16;350078.72;5775781.21;-2.00;6.81055833;52.11222258;-2.00;0.96;0.66;1.00;2024/11/13 10:07:25;"ps";51.50;-9999.00;"2"
17;350080.53;5775780.80;-2.00;6.81058489;52.11221940;-2.00;0.94;0.67;1.00;2024/11/13 10:08:30;"bp";19.50;-9999.00;"4"
18;350081.62;5775779.88;-2.00;6.81060128;52.11221142;-2.00;0.95;0.63;0.95;2024/11/13 10:09:48;"ps";61.00;-9999.00;"2"
19;350084.36;5775782.65;-2.00;6.81064000;52.11223698;-2.00;0.95;0.64;0.98;2024/11/13 10:11:00;"ps";85.00;-9999.00;"1"
20;350079.12;5775781.69;-2.00;6.81056397;52.11222699;-2.00;0.95;0.67;0.98;2024/11/13 10:13:07;"ps";51.00;-9999.00;"2"
21;350079.17;5775784.67;-2.00;6.81056341;52.11225379;-2.00;0.90;0.65;0.97;2024/11/13 10:14:04;"ps";57.00;-9999.00;"2"
22;350078.79;5775785.83;-2.00;6.81055735;52.11226407;-2.00;0.91;0.70;1.00;2024/11/13 10:14:51;"ps";49.00;-9999.00;"2"
23;350079.54;5775784.72;-2.00;6.81056876;52.11225434;-2.00;0.94;0.71;1.10;2024/11/13 10:15:16;"ps";80.00;-9999.00;"2"
24;350075.74;5775782.51;-2.00;6.81051422;52.11223345;-2.00;0.94;0.60;0.89;2024/11/13 10:16:04;"ps";49.00;-9999.00;"3"
25;350074.37;5775780.32;-2.00;6.81049521;52.11221334;-2.00;0.93;0.71;1.00;2024/11/13 10:17:20;"bp";23.00;-9999.00;"4"
26;350076.51;5775773.26;-2.00;6.81052959;52.11215049;-2.00;0.93;0.63;0.97;2024/11/13 10:18:35;"ps";61.00;-9999.00;"1"
27;350073.28;5775772.61;-2.00;6.81048269;52.11214385;-2.00;0.92;0.64;1.00;2024/11/13 10:19:46;"ps";65.00;-9999.00;"2"
28;350070.01;5775774.52;-2.00;6.81043420;52.11216010;-2.00;0.98;0.57;0.81;2024/11/13 10:20:52;"bp";19.50;-9999.00;"4"
29;350069.95;5775772.20;-2.00;6.81043433;52.11213922;-2.00;0.99;0.55;0.82;2024/11/13 10:22:08;"ps";71.00;-9999.00;"1"
30;350069.04;5775769.35;-2.00;6.81042226;52.11211333;-2.00;0.94;0.60;0.84;2024/11/13 10:22:42;"ps";64.00;-9999.00;"2"
31;350069.88;5775767.29;-2.00;6.81043547;52.11209506;-2.00;0.93;0.60;0.85;2024/11/13 10:23:45;"ps";67.00;-9999.00;"2"
32;350067.73;5775767.59;-2.00;6.81040400;52.11209724;-2.00;0.96;0.61;0.83;2024/11/13 10:24:27;"ps";53.00;-9999.00;"3"
33;350071.85;5775766.50;-2.00;6.81046462;52.11208855;-2.00;0.91;0.49;0.67;2024/11/13 10:25:43;"bp";20.00;-9999.00;"4"
34;350075.76;5775762.29;-2.00;6.81052350;52.11205177;-2.00;0.90;0.65;0.91;2024/11/13 10:27:58;"bp";21.00;-9999.00;"4"
35;350077.34;5775764.56;-2.00;6.81054551;52.11207262;-2.00;0.90;0.66;0.86;2024/11/13 10:29:22;"ps";58.50;-9999.00;"1"
36;350080.56;5775762.06;-2.00;6.81059364;52.11205104;-2.00;0.93;0.81;1.00;2024/11/13 10:30:48;"ps";47.50;-9999.00;"2"
37;350081.28;5775761.50;-2.00;6.81060441;52.11204621;-2.00;0.89;0.74;1.10;2024/11/13 10:31:33;"ps";50.50;-9999.00;"2"
38;350081.28;5775762.98;-2.00;6.81060370;52.11205948;-2.00;0.89;0.71;0.98;2024/11/13 10:33:10;"ps";59.00;-9999.00;"2"
39;350083.32;5775760.35;-2.00;6.81063460;52.11203642;-2.00;0.87;0.73;1.00;2024/11/13 10:35:28;"ps";77.50;-9999.00;"1"
40;350082.91;5775767.18;-2.00;6.81062565;52.11209766;-2.00;0.86;0.73;1.00;2024/11/13 10:39:37;"ps ";40.00;-9999.00;"3"
41;350084.10;5775767.56;-2.00;6.81064290;52.11210141;-2.00;0.82;0.52;0.68;2024/11/13 10:40:54;"bp";16.50;-9999.00;"5 "
42;350085.56;5775767.76;-2.00;6.81066412;52.11210361;-2.00;0.84;0.57;0.74;2024/11/13 10:41:50;"ps";73.50;-9999.00;"1"
43;350087.28;5775768.97;-2.00;6.81068870;52.11211492;-2.00;0.84;0.57;0.71;2024/11/13 10:43:22;"bp";24.00;-9999.00;"4"
44;350090.28;5775768.23;-2.00;6.81073274;52.11210909;-2.00;0.84;0.59;0.72;2024/11/13 10:44:19;"ps";64.00;-9999.00;"1"
45;350089.97;5775769.90;-2.00;6.81072745;52.11212397;-2.00;0.82;0.55;0.71;2024/11/13 10:45:03;"ps";57.00;-9999.00;"2"
46;350088.53;5775772.48;-2.00;6.81070529;52.11214677;-2.00;0.83;0.55;0.73;2024/11/13 10:46:18;"ps";69.50;-9999.00;"2"
47;350061.04;5775828.21;-2.00;6.81027970;52.11263998;-2.00;0.86;0.65;0.81;2024/11/13 10:54:15;"ps";120.00;-9999.00;"1"
48;350059.96;5775828.72;-2.00;6.81026363;52.11264432;-2.00;0.86;0.59;0.74;2024/11/13 10:55:04;"bpe";16.50;-9999.00;"4"
49;350061.96;5775829.68;-2.00;6.81029247;52.11265346;-2.00;0.85;0.54;0.69;2024/11/13 10:56:51;"bpe";26.50;-9999.00;"4"
50;350063.70;5775832.49;-2.00;6.81031655;52.11267915;-2.00;0.88;0.51;0.64;2024/11/13 10:58:00;"ps";78.50;-9999.00;"2"
51;350062.15;5775835.51;-2.00;6.81029262;52.11270594;-2.00;0.87;0.49;0.67;2024/11/13 10:59:18;"bp ";18.00;-9999.00;"4"
52;350061.75;5775836.18;-2.00;6.81028645;52.11271184;-2.00;0.83;0.47;0.62;2024/11/13 11:00:29;"bpe";15.00;-9999.00;"5 "
53;350062.74;5775842.49;-2.00;6.81029816;52.11276877;-2.00;0.83;0.57;0.74;2024/11/13 11:01:22;"ps";106.50;-9999.00;"1"
54;350062.69;5775844.80;-2.00;6.81029649;52.11278948;-2.00;0.79;0.49;0.68;2024/11/13 11:05:57;"pab ";28.00;-9999.00;"4"
55;350056.30;5775843.00;-2.00;6.81020391;52.11277161;-2.00;0.81;0.52;0.74;2024/11/13 11:07:52;"bpe";20.50;-9999.00;"4"
56;350056.01;5775842.23;-2.00;6.81020003;52.11276458;-2.00;0.81;0.61;0.89;2024/11/13 11:09:13;"bpe";20.00;-9999.00;"4"
57;350054.98;5775843.16;-2.00;6.81018459;52.11277272;-2.00;0.81;0.64;0.92;2024/11/13 11:10:03;"bpe";16.00;-9999.00;"4"
58;350051.06;5775842.41;-2.00;6.81012774;52.11276490;-2.00;0.82;0.71;0.97;2024/11/13 11:11:07;"ps";131.50;-9999.00;"1"
59;350052.77;5775844.66;-2.00;6.81015175;52.11278553;-2.00;0.81;0.70;0.93;2024/11/13 11:11:52;"bpe";16.00;-9999.00;"4"
60;350049.22;5775846.02;-2.00;6.81009936;52.11279686;-2.00;0.79;0.60;0.86;2024/11/13 11:12:49;"bpe";16.50;-9999.00;"4"
61;350043.27;5775847.53;-2.00;6.81001184;52.11280881;-2.00;0.78;1.00;1.20;2024/11/13 11:14:26;"ps";115.50;-9999.00;"1"
62;350044.11;5775839.62;-2.00;6.81002758;52.11273795;-2.00;0.78;0.60;0.76;2024/11/13 11:15:19;"ps";113.50;-9999.00;"1"
63;350041.51;5775832.44;-2.00;6.80999274;52.11267270;-2.00;0.78;0.68;0.82;2024/11/13 11:17:43;"ps";103.00;0.00;"1"
64;350041.33;5775830.07;-2.00;6.80999128;52.11265141;-2.00;0.77;0.87;1.00;2024/11/13 11:19:31;"bpe";18.00;-9999.00;"4"
65;350043.48;5775830.00;-2.00;6.81002257;52.11265136;-2.00;0.80;0.85;1.10;2024/11/13 11:20:38;"bpe";16.50;-9999.00;"4"
66;350046.35;5775832.93;-2.00;6.81006328;52.11267848;-2.00;0.82;0.50;0.68;2024/11/13 11:22:13;"bpe";23.00;-9999.00;"4"
67;350044.35;5775827.30;-2.00;6.81003656;52.11262730;-2.00;0.82;0.61;0.86;2024/11/13 11:23:32;"ps";156.00;-9999.00;"1"
68;350049.61;5775828.89;-2.00;6.81011250;52.11264303;-2.00;0.82;0.67;0.97;2024/11/13 11:24:48;"sa";23.50;-9999.00;"4"
69;350050.53;5775830.34;-2.00;6.81012533;52.11265633;-2.00;0.80;0.63;0.82;2024/11/13 11:25:57;"bpe";23.00;-9999.00;"4"
70;350050.63;5775831.67;-2.00;6.81012623;52.11266829;-2.00;0.80;0.61;0.78;2024/11/13 11:26:40;"bpe";23.50;-9999.00;"4"
71;350051.33;5775833.02;-2.00;6.81013586;52.11268064;-2.00;0.80;0.60;0.82;2024/11/13 11:26:59;"ps";100.00;-9999.00;"2"
72;350051.84;5775836.11;-2.00;6.81014195;52.11270848;-2.00;0.80;0.57;0.77;2024/11/13 11:27:42;"bpe";19.50;-9999.00;"4"
73;350051.08;5775823.11;-2.00;6.81013662;52.11259150;-2.00;0.79;0.48;0.64;2024/11/13 11:28:45;"bpe";16.00;-9999.00;"4"
74;350052.11;5775815.01;-2.00;6.81015516;52.11251900;-2.00;0.79;0.51;0.58;2024/11/13 11:30:14;"bpe";41.00;-9999.00;"3"
75;350053.21;5775814.94;-2.00;6.81017127;52.11251870;-2.00;0.79;0.49;0.59;2024/11/13 11:31:07;"bpe";24.00;-9999.00;"4"
76;350055.46;5775813.54;-2.00;6.81020464;52.11250673;-2.00;0.79;0.45;0.61;2024/11/13 11:31:45;"bpe";20.50;-9999.00;"4"
77;350049.95;5775812.89;-2.00;6.81012454;52.11249938;-2.00;0.81;0.57;0.72;2024/11/13 11:32:35;"ps";112.00;-9999.00;"1"
78;350050.57;5775808.51;-2.00;6.81013560;52.11246015;-2.00;0.86;0.69;0.91;2024/11/13 11:33:13;"ps";156.00;-9999.00;"1"
79;350055.32;5775811.33;-2.00;6.81020362;52.11248684;-2.00;0.85;0.59;0.86;2024/11/13 11:33:49;"ps";98.50;-9999.00;"2"
80;350064.33;5775812.24;-2.00;6.81033463;52.11249745;-2.00;0.84;0.50;0.67;2024/11/13 11:34:35;"ps";115.00;-9999.00;"1"
81;350065.82;5775828.25;-2.00;6.81034938;52.11264171;-2.00;0.87;0.47;0.63;2024/11/13 11:36:40;"ps";84.00;-9999.00;"2"
82;350068.18;5775826.41;-2.00;6.81038460;52.11262574;-2.00;0.88;0.52;0.77;2024/11/13 11:37:29;"bpe";27.50;-9999.00;"4"
83;350068.76;5775825.92;-2.00;6.81039335;52.11262150;-2.00;0.88;0.68;0.92;2024/11/13 11:38:14;"ps";127.00;-9999.00;"1"
84;349984.78;5775730.29;-2.00;6.80921000;52.11173958;-2.00;0.85;0.56;0.80;2024/11/13 11:52:58;"ps";64.00;-9999.00;"2"
85;349982.52;5775729.73;-2.00;6.80917719;52.11173398;-2.00;0.86;0.55;0.80;2024/11/13 11:53:54;"bpe";18.50;-9999.00;"4"
86;349989.60;5775729.76;-2.00;6.80928057;52.11173611;-2.00;0.86;0.64;0.90;2024/11/13 11:54:38;"ps";107.50;-9999.00;"1"
87;349987.81;5775725.25;-2.00;6.80925634;52.11169510;-2.00;0.86;0.65;0.85;2024/11/13 11:55:34;"ps";73.00;-9999.00;"2"
88;349990.94;5775726.62;-2.00;6.80930153;52.11170828;-2.00;0.86;0.55;0.77;2024/11/13 11:56:35;"bpe";29.50;-9999.00;"3"
89;349992.52;5775725.03;-2.00;6.80932524;52.11169446;-2.00;0.87;0.57;0.84;2024/11/13 11:57:42;"ps";79.50;0.00;"2"
90;349991.40;5775719.90;-2.00;6.80931114;52.11164803;-2.00;0.87;0.61;0.90;2024/11/13 11:58:35;"ps";125.00;-9999.00;"1"
91;349988.60;5775721.40;-2.00;6.80926967;52.11166078;-2.00;0.87;0.52;0.75;2024/11/13 11:59:26;"ps";78.50;-9999.00;"2"
92;349996.58;5775718.06;-2.00;6.80938760;52.11163289;-2.00;0.90;0.77;1.00;2024/11/13 12:00:53;"ps";100.00;-9999.00;"1"
93;349998.41;5775724.31;-2.00;6.80941155;52.11168959;-2.00;0.93;0.51;0.75;2024/11/13 12:02:30;"bpe";18.00;-9999.00;"4"
94;349998.48;5775730.76;-2.00;6.80940967;52.11174757;-2.00;0.88;0.69;0.93;2024/11/13 12:03:24;"ps";91.00;-9999.00;"1"
95;349995.79;5775739.66;-2.00;6.80936656;52.11182674;-2.00;0.91;0.69;1.00;2024/11/13 12:04:39;"ps";120.00;-9999.00;"1"
96;349983.42;5775736.98;0.00;6.80918711;52.11179932;0.00;0.00;0.00;0.00;2024/11/13 12:50:14;"bp";33.00;-9999.00;"3"
97;349978.32;5775738.46;0.00;6.80911207;52.11181127;0.00;0.00;0.00;0.00;2024/11/13 13:07:27;"ps";99.00;-9999.00;"2"
98;349976.44;5775736.58;0.00;6.80908546;52.11179387;0.00;0.00;0.00;0.00;2024/11/13 13:08:58;"bpe";33.00;-9999.00;"3"
99;349970.65;5775734.21;0.00;6.80900201;52.11177095;0.00;0.00;0.00;0.00;2024/11/13 13:11:57;"p.s";129.00;-9999.00;"1"
100;349970.00;5775727.77;0.00;6.80899546;52.11171298;0.00;0.00;0.00;0.00;2024/11/13 13:13:25;"p.s";106.00;-9999.00;"2"
101;349977.08;5775721.49;0.00;6.80910150;52.11165843;0.00;0.00;0.00;0.00;2024/11/13 13:15:31;"b.p";20.50;-9999.00;"4"
102;349979.06;5775721.78;0.00;6.80913025;52.11166163;0.00;0.00;0.00;0.00;2024/11/13 13:16:23;"p.s";117.50;-9999.00;"1"
103;349984.55;5775710.90;0.00;6.80921521;52.11156531;0.00;0.00;0.00;0.00;2024/11/13 13:18:45;"p.s";107.50;-9999.00;"1"
104;349980.25;5775715.85;0.00;6.80915020;52.11160860;0.00;0.00;0.00;0.00;2024/11/13 13:19:35;"p.s";73.00;-9999.00;"2"
4;350265.38;5776279.98;0.00;6.81306279;52.11675423;0.00;0.00;0.00;0.00;2024/11/13 14:08:28;"mittelpunkt";-9999.00;-9999.00;""
105;350267.60;5776280.38;-2.00;6.81309507;52.11675836;-2.00;0.95;0.72;1.30;2024/11/13 14:09:21;"ag";61.00;-9999.00;"2"
106;350271.29;5776279.74;-2.00;6.81314911;52.11675362;-2.00;0.96;0.70;1.20;2024/11/13 14:10:40;"ag";64.00;-9999.00;"2"
107;350273.14;5776280.36;-2.00;6.81317582;52.11675969;-2.00;0.96;0.58;0.95;2024/11/13 14:11:33;"bpe";38.00;-9999.00;"2"
108;350273.50;5776281.48;-2.00;6.81318058;52.11676988;-2.00;0.96;0.74;1.20;2024/11/13 14:12:36;"ag";38.00;-9999.00;"3"
109;350274.95;5776282.94;-2.00;6.81320120;52.11678337;-2.00;0.96;0.74;1.30;2024/11/13 14:13:27;"ag";39.00;-9999.00;"3"
110;350275.25;5776277.38;-2.00;6.81320804;52.11673347;-2.00;0.90;0.85;1.50;2024/11/13 14:15:12;"ag";47.00;-9999.00;"2"
111;350277.45;5776278.91;-2.00;6.81323940;52.11674781;-2.00;0.85;0.74;1.30;2024/11/13 14:16:17;"ag";48.50;-9999.00;"2"
112;350279.49;5776278.20;-2.00;6.81326952;52.11674201;-2.00;0.86;0.81;1.40;2024/11/13 14:17:08;"bpe";57.00;-9999.00;"2"
113;350281.14;5776276.37;-2.00;6.81329434;52.11672599;-2.00;0.86;0.83;1.30;2024/11/13 14:18:40;"ag";41.00;-9999.00;"3"
114;350280.56;5776275.51;-2.00;6.81328629;52.11671816;-2.00;0.86;0.95;1.50;2024/11/13 14:19:17;"bpe";54.00;-9999.00;"3"
115;350279.93;5776274.03;-2.00;6.81327777;52.11670468;-2.00;0.90;0.96;1.50;2024/11/13 14:20:41;"bp";33.00;-9999.00;"3"
116;350279.18;5776274.04;-2.00;6.81326683;52.11670458;-2.00;0.91;1.07;1.70;2024/11/13 14:22:16;"ag";48.00;-9999.00;"3"
117;350278.08;5776271.88;-2.00;6.81325177;52.11668488;-2.00;0.91;1.32;1.90;2024/11/13 14:24:03;"bp";34.00;-9999.00;"2"
118;350273.92;5776267.78;-2.00;6.81319284;52.11664693;-2.00;0.89;0.70;1.20;2024/11/13 14:25:38;"bp";37.00;-9999.00;"2"
119;350273.90;5776266.99;-2.00;6.81319288;52.11663979;-2.00;0.91;0.71;1.20;2024/11/13 14:26:08;"bp";23.00;-9999.00;"3"
120;350269.85;5776270.60;-2.00;6.81313221;52.11667115;-2.00;0.89;0.54;1.00;2024/11/13 14:26:53;"bpe";41.00;-9999.00;"3"
121;350270.20;5776271.72;-2.00;6.81313683;52.11668125;-2.00;0.89;0.62;1.00;2024/11/13 14:27:45;"pab";71.00;-9999.00;"1"
122;350267.75;5776266.40;-2.00;6.81310342;52.11663278;-2.00;0.89;0.61;1.00;2024/11/13 14:28:58;"ag";91.00;-9999.00;"1"
123;350264.44;5776268.72;-2.00;6.81305403;52.11665279;-2.00;0.90;0.54;0.94;2024/11/13 14:29:40;"ag";59.00;-9999.00;"2"
124;350265.41;5776272.65;-2.00;6.81306642;52.11668837;-2.00;0.90;0.61;1.00;2024/11/13 14:30:07;"bp";30.00;-9999.00;"3"
125;350264.83;5776271.64;-2.00;6.81305839;52.11667907;-2.00;0.90;0.62;1.00;2024/11/13 14:30:35;"ag";35.00;-9999.00;"3"
126;350263.45;5776273.26;-2.00;6.81303760;52.11669330;-2.00;0.90;0.56;0.95;2024/11/13 14:31:00;"ag";37.00;-9999.00;"3"
127;350260.48;5776267.89;-2.00;6.81299656;52.11664425;-2.00;0.90;0.56;0.90;2024/11/13 14:31:38;"ag";56.00;-9999.00;"2"
128;350259.85;5776268.09;-2.00;6.81298726;52.11664585;-2.00;0.90;0.50;0.84;2024/11/13 14:32:33;"ag";70.00;-9999.00;"2"
129;350260.94;5776265.15;-2.00;6.81300460;52.11661970;-2.00;0.90;0.58;0.94;2024/11/13 14:33:10;"ag";56.50;-9999.00;"3"
130;350258.62;5776267.68;-2.00;6.81296956;52.11664187;-2.00;0.90;0.59;0.94;2024/11/13 14:34:16;"ag";71.00;-9999.00;"2"
131;350258.63;5776270.08;-2.00;6.81296861;52.11666340;-2.00;0.91;0.73;1.30;2024/11/13 14:35:20;"bp";40.00;-9999.00;"2"
132;350262.38;5776270.65;-2.00;6.81302314;52.11666954;-2.00;0.91;0.62;1.20;2024/11/13 14:36:15;"bpe";26.50;-9999.00;"3"
133;350259.80;5776272.13;-2.00;6.81298483;52.11668214;-2.00;0.91;0.57;0.93;2024/11/13 14:37:15;"bpe";24.00;-9999.00;"3"
134;350260.73;5776271.99;-2.00;6.81299846;52.11668113;-2.00;0.92;0.60;0.97;2024/11/13 14:37:47;"bpe";26.00;-9999.00;"4"
135;350260.97;5776273.00;-2.00;6.81300146;52.11669026;-2.00;0.91;0.65;1.00;2024/11/13 14:38:17;"bpe";29.00;-9999.00;"3"
136;350261.29;5776272.18;-2.00;6.81300651;52.11668299;-2.00;0.91;0.91;1.40;2024/11/13 14:38:48;"bpe";24.50;24.50;"4"
137;350258.75;5776272.62;-2.00;6.81296925;52.11668627;-2.00;0.91;0.93;1.40;2024/11/13 14:40:32;"ag";36.50;-9999.00;"2"
138;350261.56;5776275.16;-2.00;6.81300914;52.11670980;-2.00;0.91;0.90;1.30;2024/11/13 14:41:10;"bp";21.00;-9999.00;"3"
139;350257.97;5776277.63;-2.00;6.81295565;52.11673102;-2.00;0.91;0.88;1.20;2024/11/13 14:42:14;"bp";26.50;-9999.00;"3"
140;350258.57;5776278.48;-2.00;6.81296405;52.11673889;-2.00;0.91;0.96;1.50;2024/11/13 14:42:47;"ag";23.50;-9999.00;"3"
141;350260.52;5776276.45;-2.00;6.81299346;52.11672114;-2.00;0.91;0.82;1.40;2024/11/13 14:43:13;"bp";47.50;-9999.00;"3"
142;350266.00;5776277.00;-2.00;6.81307314;52.11672755;-2.00;0.91;0.58;0.97;2024/11/13 14:44:05;"bp";31.50;-9999.00;"3"
143;350261.50;5776276.79;-2.00;6.81300753;52.11672451;-2.00;0.97;0.55;0.98;2024/11/13 14:44:52;"bp";35.00;-9999.00;"4"
144;350262.37;5776278.23;-2.00;6.81301963;52.11673765;-2.00;0.97;0.50;0.96;2024/11/13 14:45:21;"bp";23.00;-9999.00;"3"
145;350262.69;5776279.08;-2.00;6.81302392;52.11674533;-2.00;0.90;0.50;0.91;2024/11/13 14:46:19;"bp";21.50;-9999.00;"4"
146;350261.43;5776280.36;-2.00;6.81300501;52.11675657;-2.00;0.90;0.69;1.20;2024/11/13 14:47:14;"pab";43.00;-9999.00;"3"
147;350259.22;5776277.38;-2.00;6.81297405;52.11672920;-2.00;0.91;0.58;0.98;2024/11/13 14:48:13;"bp";25.00;-9999.00;"4"
148;350257.23;5776278.71;-2.00;6.81294445;52.11674052;-2.00;0.90;0.59;0.97;2024/11/13 14:48:53;"bp";30.00;-9999.00;"4"
149;350254.51;5776278.10;-2.00;6.81290496;52.11673436;-2.00;0.90;0.80;1.20;2024/11/13 14:49:54;"p.ab";47.00;-9999.00;"3"
150;350256.11;5776281.95;-2.00;6.81292665;52.11676941;-2.00;0.90;0.83;1.40;2024/11/13 14:51:23;"a.g";58.00;-9999.00;"2"
151;350256.86;5776279.99;-2.00;6.81293849;52.11675199;-2.00;0.91;0.82;1.50;2024/11/13 14:52:14;"p.s";51.00;-9999.00;"2"
152;350258.01;5776282.92;-2.00;6.81295401;52.11677857;-2.00;0.97;0.73;1.40;2024/11/13 14:52:59;"b.p";41.00;-9999.00;"3"
153;350259.97;5776284.35;-2.00;6.81298193;52.11679196;-2.00;0.97;0.77;1.20;2024/11/13 14:54:45;"bp";31.00;-9999.00;"4"
154;350259.16;5776286.45;-2.00;6.81296916;52.11681064;-2.00;1.02;0.86;1.40;2024/11/13 14:55:19;"bp";27.00;-9999.00;"3"
155;350261.47;5776284.60;-2.00;6.81300378;52.11679465;-2.00;1.02;1.03;1.70;2024/11/13 14:56:25;"ag";32.50;-9999.00;"3"
156;350263.58;5776286.52;-2.00;6.81303366;52.11681249;-2.00;1.02;1.24;2.00;2024/11/13 14:57:10;"pab";37.50;-9999.00;"2"
157;350265.44;5776286.26;-2.00;6.81306096;52.11681066;-2.00;1.02;1.30;2.10;2024/11/13 14:57:48;"pb";32.50;-9999.00;"4"
158;350266.95;5776284.19;-2.00;6.81308384;52.11679243;-2.00;1.02;1.29;2.10;2024/11/13 14:58:25;"pb";34.00;-9999.00;"3"
159;350268.72;5776282.71;-2.00;6.81311029;52.11677962;-2.00;1.02;1.23;1.90;2024/11/13 14:58:56;"pb";33.00;-9999.00;"4"
160;350268.04;5776283.49;-2.00;6.81310007;52.11678647;-2.00;1.02;1.22;1.90;2024/11/13 14:59:22;"ag";36.00;-9999.00;"2"
161;350265.62;5776288.37;-2.00;6.81306268;52.11682961;-2.00;0.98;1.29;1.90;2024/11/13 15:00:29;"ag";31.00;-9999.00;"3"
162;350270.97;5776282.27;-2.00;6.81314332;52.11677630;-2.00;0.98;1.33;2.10;2024/11/13 15:01:20;"ag";41.00;-9999.00;"2"
163;350274.53;5776279.92;-2.00;6.81319637;52.11675615;-2.00;0.98;1.27;2.00;2024/11/13 15:02:14;"ag";39.00;-9999.00;"2"
164;350274.48;5776282.93;-2.00;6.81319431;52.11678313;-2.00;0.98;1.24;1.80;2024/11/13 15:03:15;"ag";49.00;-9999.00;"2"
165;350276.87;5776281.12;-2.00;6.81322994;52.11676752;-2.00;0.99;1.22;1.80;2024/11/13 15:03:57;"ag";24.50;-9999.00;"3"
166;350275.35;5776280.18;-2.00;6.81320819;52.11675871;-2.00;0.99;1.26;1.80;2024/11/13 15:04:42;"ag";36.00;-9999.00;"3"
167;350275.87;5776279.56;-2.00;6.81321613;52.11675326;-2.00;0.98;1.26;2.00;2024/11/13 15:05:14;"ag";34.00;-9999.00;"2"
168;350278.13;5776280.36;-2.00;6.81324868;52.11676109;-2.00;1.01;0.79;1.30;2024/11/13 15:06:16;"ag";51.00;-9999.00;"1"
169;350277.09;5776281.08;-2.00;6.81323319;52.11676722;-2.00;1.01;0.71;1.30;2024/11/13 15:06:46;"ag";38.00;-9999.00;"2"
170;350376.74;5776322.79;-2.00;6.81466916;52.11716897;-2.00;0.98;0.58;0.88;2024/12/05 10:25:29;"ps";75.50;-9999.00;"2"
171;350374.91;5776318.58;-2.00;6.81464429;52.11713067;-2.00;0.97;0.50;0.82;2024/12/05 10:26:58;"ps";76.00;-9999.00;"2"
172;350373.98;5776316.24;-2.00;6.81463179;52.11710932;-2.00;0.99;0.51;0.77;2024/12/05 10:28:15;"ps";79.50;-9999.00;"1"
173;350369.56;5776314.24;-2.00;6.81456815;52.11709014;-2.00;0.99;0.53;0.86;2024/12/05 10:29:36;"ps";70.50;-9999.00;"2"
174;350368.23;5776316.00;-2.00;6.81454800;52.11710561;-2.00;0.99;0.54;0.91;2024/12/05 10:30:20;"ps";73.00;-9999.00;"1"
175;350367.74;5776317.38;-2.00;6.81454014;52.11711787;-2.00;0.90;0.58;0.95;2024/12/05 10:31:02;"bpe";34.00;-9999.00;"4"
176;350379.98;5776314.39;-2.00;6.81472012;52.11709436;-2.00;0.91;0.53;0.84;2024/12/05 10:34:00;"ps";21.00;0.00;"5 "
177;350381.33;5776310.73;-2.00;6.81474144;52.11706187;-2.00;0.88;0.60;0.98;2024/12/05 10:35:16;"ps";36.50;-9999.00;"4"
178;350382.04;5776311.69;-2.00;6.81475146;52.11707066;-2.00;0.88;0.60;0.93;2024/12/05 10:35:39;"bpe";-9999.00;95.00;"1"
179;350384.75;5776311.81;-2.00;6.81479086;52.11707243;-2.00;0.88;0.65;1.00;2024/12/05 10:36:14;"ps";51.00;-9999.00;"3"
180;350385.00;5776314.89;-2.00;6.81479314;52.11710022;-2.00;0.88;0.56;0.83;2024/12/05 10:36:37;"ps";54.50;-9999.00;"2"
181;350385.91;5776311.14;-2.00;6.81480816;52.11706676;-2.00;0.88;0.54;0.83;2024/12/05 10:37:13;"ps";22.00;-9999.00;"5 "
182;350389.58;5776311.81;-2.00;6.81486141;52.11707374;-2.00;0.88;0.67;1.00;2024/12/05 10:37:48;"bpe";25.00;-9999.00;"5 "
183;350390.45;5776313.25;-2.00;6.81487350;52.11708693;-2.00;0.88;0.63;0.96;2024/12/05 10:38:26;"ps";95.50;-9999.00;"1"
184;350390.62;5776312.01;-2.00;6.81487642;52.11707588;-2.00;0.88;0.50;0.83;2024/12/05 10:39:37;"bpe";25.50;-9999.00;"3"
185;350383.71;5776317.84;-2.00;6.81477300;52.11712638;-2.00;0.88;0.76;1.10;2024/12/05 10:42:45;"ps";61.50;-9999.00;"1"
186;350384.63;5776319.68;-2.00;6.81478562;52.11714314;-2.00;0.88;0.51;0.78;2024/12/05 10:43:22;"ps";69.00;-9999.00;"3"
187;350387.26;5776318.74;-2.00;6.81482441;52.11713543;-2.00;0.88;0.57;0.84;2024/12/05 10:44:12;"bpe";21.00;-9999.00;"4"
188;350384.39;5776323.65;-2.00;6.81478047;52.11717872;-2.00;0.88;0.45;0.68;2024/12/05 10:45:03;"bpe";28.50;-9999.00;"4"
189;350388.22;5776316.57;-2.00;6.81483938;52.11711617;-2.00;0.92;0.57;0.84;2024/12/05 10:46:32;"ps";31.50;-9999.00;"3"
190;350389.78;5776317.32;-2.00;6.81486193;52.11712329;-2.00;0.90;0.50;0.79;2024/12/05 10:47:28;"bpe";28.50;-9999.00;"3"
191;350391.75;5776317.45;-2.00;6.81489053;52.11712505;-2.00;0.90;0.53;0.82;2024/12/05 10:48:10;"ps";51.50;-9999.00;"2"
192;350392.16;5776317.93;-2.00;6.81489637;52.11712949;-2.00;0.90;0.68;1.10;2024/12/05 10:48:48;"ps";22.00;-9999.00;"4"
193;350392.32;5776318.28;-2.00;6.81489848;52.11713263;-2.00;0.88;0.60;1.10;2024/12/05 10:49:21;"ps";59.00;-9999.00;"1"
194;350393.49;5776318.32;-2.00;6.81491551;52.11713334;-2.00;0.88;0.59;1.10;2024/12/05 10:50:02;"ps";63.00;-9999.00;"2"
195;350392.35;5776316.66;-2.00;6.81489966;52.11711811;-2.00;0.88;0.60;1.10;2024/12/05 10:50:31;"ps";41.00;-9999.00;"2"
196;350393.24;5776319.85;-2.00;6.81491119;52.11714703;-2.00;0.90;0.64;1.00;2024/12/05 10:51:03;"ps";41.50;-9999.00;"3"
197;350388.40;5776332.09;-2.00;6.81483523;52.11725567;-2.00;0.88;0.54;1.00;2024/12/05 10:52:56;"ps";44.00;-9999.00;"2"
198;350391.39;5776333.28;-2.00;6.81487829;52.11726717;-2.00;0.87;0.41;0.74;2024/12/05 10:54:01;"ps";42.00;-9999.00;"2"
199;350387.33;5776335.64;-2.00;6.81481811;52.11728722;-2.00;0.87;0.44;0.72;2024/12/05 10:54:52;"ps";22.00;22.00;"2"
200;350384.05;5776334.70;-2.00;6.81477057;52.11727793;-2.00;0.82;0.51;0.87;2024/12/05 10:55:50;"ps";24.50;-9999.00;"3"
201;350382.72;5776331.61;-2.00;6.81475264;52.11724977;-2.00;0.89;0.52;1.00;2024/12/05 10:56:46;"ps";56.50;-9999.00;"1"
202;350375.71;5776333.83;-2.00;6.81464921;52.11726789;-2.00;0.86;0.46;0.75;2024/12/05 10:58:02;"ps";31.00;-9999.00;"2"
203;350378.89;5776329.42;-2.00;6.81469759;52.11722909;-2.00;0.86;0.43;0.72;2024/12/05 10:58:56;"ps";24.00;-9999.00;"3"
204;350368.72;5776327.92;-2.00;6.81454982;52.11721287;-2.00;0.86;0.49;0.75;2024/12/05 11:00:39;"ps";36.00;-9999.00;"2"
205;350366.35;5776325.69;-2.00;6.81451625;52.11719215;-2.00;0.86;0.55;0.83;2024/12/05 11:01:15;"ps";28.00;-9999.00;"5 "
206;350365.62;5776322.24;-2.00;6.81450708;52.11716099;-2.00;0.86;0.59;1.00;2024/12/05 11:01:51;"ps";82.50;-9999.00;"1"
207;350367.37;5776321.42;-2.00;6.81453307;52.11715409;-2.00;0.86;0.47;0.86;2024/12/05 11:02:49;"bpe";31.00;-9999.00;"3"
208;350560.35;5776297.33;33.12;6.81735998;52.11698987;33.12;0.86;0.01;0.01;2024/12/05 11:25:38;"qru";89.50;-9999.00;"3"
209;350560.01;5776300.15;33.31;6.81735377;52.11701514;33.31;0.86;0.01;0.01;2024/12/05 11:27:49;"ps";89.50;-9999.00;"3"
210;350557.38;5776298.30;33.39;6.81731622;52.11699776;33.39;0.84;0.01;0.01;2024/12/05 11:28:42;"qru";81.00;-9999.00;"2"
211;350555.12;5776298.52;33.14;6.81728316;52.11699914;33.14;0.87;0.01;0.01;2024/12/05 11:30:20;"ps";55.00;-9999.00;"3"
212;350553.68;5776301.55;33.08;6.81726078;52.11702600;33.08;0.89;0.09;0.08;2024/12/05 11:31:23;"aa";198.00;-9999.00;"1"
213;350553.42;5776301.06;-2.00;6.81725717;52.11702148;-2.00;0.89;1.30;1.30;2024/12/05 11:36:53;"qru";36.00;-9999.00;"3"
214;350549.86;5776300.66;-2.00;6.81720546;52.11701693;-2.00;0.92;0.02;0.03;2024/12/05 11:37:44;"qru ";84.00;-9999.00;"2"
215;350552.67;5776300.88;-2.00;6.81724636;52.11701971;-2.00;0.92;0.13;0.17;2024/12/05 11:38:19;"qru";53.00;-9999.00;"3"
216;350562.95;5776299.52;33.09;6.81739694;52.11701022;33.09;0.92;0.02;0.02;2024/12/05 11:40:10;"ps";68.00;-9999.00;"3"
217;350565.79;5776300.45;35.44;6.81743803;52.11701938;35.44;0.92;0.01;0.02;2024/12/05 11:41:12;"aa";221.00;-9999.00;"1"
218;350568.24;5776297.73;-2.00;6.81747495;52.11699556;-2.00;0.91;0.08;0.10;2024/12/05 11:43:55;"qru";24.00;-9999.00;"5 "
219;350570.23;5776298.11;-2.00;6.81750378;52.11699953;-2.00;0.88;0.86;0.98;2024/12/05 11:44:41;"qru";57.00;-9999.00;"3"
220;350568.91;5776296.20;32.19;6.81748532;52.11698199;32.19;0.90;1.04;1.71;2024/12/05 11:45:38;"aa";233.00;-9999.00;"1"
221;350570.21;5776293.32;37.08;6.81750555;52.11695648;37.08;0.94;0.43;0.60;2024/12/05 11:46:10;"fa";22.00;-9999.00;"5 "
222;350574.55;5776296.48;33.42;6.81756751;52.11698603;33.42;0.94;0.02;0.01;2024/12/05 11:46:41;"aa";121.00;-9999.00;"2"
223;350575.97;5776296.75;33.39;6.81758818;52.11698886;33.39;0.94;0.03;0.05;2024/12/05 11:47:18;"aa";108.00;-9999.00;"3"
224;350578.76;5776297.27;33.33;6.81762869;52.11699428;33.33;0.94;0.04;0.06;2024/12/05 11:48:01;"qru";81.00;-9999.00;"2"
225;350581.00;5776297.16;33.12;6.81766134;52.11699386;33.12;1.00;0.01;0.02;2024/12/05 11:52:37;"psit";143.00;-9999.00;"1"
226;350582.45;5776299.31;32.78;6.81768169;52.11701358;32.78;1.00;0.04;0.05;2024/12/05 11:53:07;"qru";42.50;-9999.00;"3"
227;350585.38;5776298.89;33.03;6.81772456;52.11701063;33.03;0.99;0.04;0.07;2024/12/05 11:53:40;"qru ";84.00;-9999.00;"2"
228;350586.74;5776296.96;-2.00;6.81774531;52.11699367;-2.00;0.91;0.83;1.00;2024/12/05 11:55:09;"";-9999.00;-9999.00;""
229;350585.45;5776294.59;-2.00;6.81772750;52.11697203;-2.00;0.99;0.18;0.24;2024/12/05 11:56:35;"qru";54.00;-9999.00;"2"
230;350583.61;5776293.09;31.24;6.81770124;52.11695808;31.24;0.99;0.31;0.48;2024/12/05 11:57:10;"qru";115.00;-9999.00;"2"
231;350576.09;5776286.91;32.70;6.81759421;52.11690050;32.70;1.01;0.02;0.02;2024/12/05 11:59:30;"ag";34.50;-9999.00;"4"
232;350580.05;5776280.20;33.04;6.81765496;52.11684124;33.04;1.01;0.01;0.02;2024/12/05 12:00:46;"le";110.50;-9999.00;"1"
233;350581.11;5776274.14;33.09;6.81767312;52.11678709;33.09;1.01;0.01;0.01;2024/12/05 12:01:36;"le";114.00;-9999.00;"1"
234;350574.99;5776269.41;33.17;6.81758585;52.11674298;33.17;0.96;0.02;0.02;2024/12/05 12:03:46;"le";88.50;-9999.00;"1"
235;350570.41;5776270.29;32.63;6.81751871;52.11674965;32.63;0.95;0.02;0.03;2024/12/05 12:04:46;"bpe";31.00;-9999.00;"4"
236;350565.83;5776275.17;32.82;6.81744973;52.11679229;32.82;0.95;0.01;0.02;2024/12/05 12:05:40;"le";119.00;-9999.00;"1"
237;350551.17;5776280.13;33.02;6.81723358;52.11683282;33.02;0.95;0.01;0.02;2024/12/05 12:08:05;"le";108.50;-9999.00;"1"
238;350550.26;5776285.96;32.62;6.81721777;52.11688499;32.62;0.95;0.01;0.02;2024/12/05 12:09:14;"ag";39.00;-9999.00;"3"
239;350551.39;5776286.91;-2.00;6.81723380;52.11689380;-2.00;0.95;0.20;0.28;2024/12/05 12:09:54;"ag";42.00;-9999.00;"3"
240;350552.24;5776289.57;33.33;6.81724494;52.11691798;33.33;0.95;0.01;0.02;2024/12/05 12:10:30;"le";91.00;-9999.00;"2"
241;350552.03;5776293.17;32.60;6.81724035;52.11695022;32.60;0.95;0.02;0.03;2024/12/05 12:11:27;"le";59.00;-9999.00;"3"
242;350553.64;5776293.21;-2.00;6.81726387;52.11695100;-2.00;0.95;0.19;0.23;2024/12/05 12:12:17;"le";48.50;-9999.00;"3"
243;350555.47;5776291.85;33.05;6.81729112;52.11693933;33.05;0.95;0.01;0.02;2024/12/05 12:13:20;"ag";37.00;-9999.00;"4"
244;350556.14;5776290.70;32.73;6.81730147;52.11692916;32.73;0.99;0.04;0.05;2024/12/05 12:14:16;"bp";24.00;-9999.00;"4"
245;350563.01;5776292.99;33.39;6.81740071;52.11695158;33.39;0.94;0.01;0.02;2024/12/05 12:15:36;"le";92.00;-9999.00;"2"
246;350560.42;5776294.15;33.41;6.81736237;52.11696132;33.41;0.94;0.05;0.07;2024/12/05 12:16:18;"le";139.00;-9999.00;"1"
247;350563.35;5776290.61;32.70;6.81740665;52.11693030;32.70;0.94;0.01;0.01;2024/12/05 12:17:07;"ag";60.50;-9999.00;"3"
248;350565.95;5776292.91;33.23;6.81744358;52.11695169;33.23;0.96;0.01;0.02;2024/12/05 12:17:38;"le";103.50;-9999.00;"2"
249;350570.22;5776289.65;32.49;6.81750742;52.11692356;32.49;1.06;0.01;0.02;2024/12/05 12:18:13;"ag";47.00;-9999.00;"3"
250;350574.95;5776177.10;71.80;6.81762577;52.11591364;71.80;1.50;0.00;0.00;2024/12/05 12:57:20;"pstr";28.00;-9999.00;"3"
251;350578.99;5776175.61;79.10;6.81768543;52.11590130;79.10;1.60;0.00;0.00;2024/12/05 12:58:20;"pstr";20.00;-9999.00;"4"
252;350576.96;5776176.69;77.80;6.81765532;52.11591052;77.80;1.60;0.00;0.00;2024/12/05 12:58:54;"ps";67.00;-9999.00;"2"
253;350575.59;5776181.04;76.20;6.81763347;52.11594920;76.20;1.80;0.00;0.00;2024/12/05 13:01:55;"pstr";56.00;-9999.00;"3"
254;350574.77;5776181.17;76.40;6.81762145;52.11595014;76.40;1.60;0.00;0.00;2024/12/05 13:02:28;"pstr";52.00;-9999.00;"3"
255;350571.30;5776178.92;77.10;6.81757168;52.11592895;77.10;1.60;0.00;0.00;2024/12/05 13:03:06;"pstr";51.00;-9999.00;"4"
256;350580.39;5776186.87;75.80;6.81770092;52.11600289;75.80;1.70;0.00;0.00;2024/12/05 13:03:48;"ps";170.00;-9999.00;"1"
257;350568.84;5776188.80;78.30;6.81753143;52.11601712;78.30;1.60;0.00;0.00;2024/12/05 13:04:39;"ps";103.00;-9999.00;"1"
258;350564.63;5776172.61;76.60;6.81747723;52.11587045;76.60;1.70;0.00;0.00;2024/12/05 13:05:34;"pstr";41.00;-9999.00;"3"
259;350563.18;5776169.62;76.90;6.81745730;52.11584322;76.90;1.70;0.00;0.00;2024/12/05 13:06:09;"le";139.00;-9999.00;"1"
260;350565.04;5776166.67;71.20;6.81748578;52.11581720;71.20;1.70;0.00;0.00;2024/12/05 13:07:57;"pstr";31.00;-9999.00;"3"
261;350561.49;5776166.63;72.70;6.81743398;52.11581595;72.70;1.70;0.00;0.00;2024/12/05 13:08:19;"pstr";35.00;-9999.00;"4"
262;350562.89;5776169.33;75.60;6.81745318;52.11584054;75.60;1.70;0.00;0.00;2024/12/05 13:08:54;"pstr";-9999.00;-9999.00;"4"
263;350564.07;5776171.17;77.40;6.81746965;52.11585740;77.40;1.70;0.00;0.00;2024/12/05 13:09:48;"pstr";27.50;-9999.00;"3"
264;350565.08;5776169.69;76.40;6.81748498;52.11584437;76.40;1.80;0.00;0.00;2024/12/05 13:10:45;"pstr";71.00;-9999.00;"2"
265;350567.35;5776169.37;75.00;6.81751830;52.11584212;75.00;1.80;0.00;0.00;2024/12/05 13:11:18;"pstr";25.00;-9999.00;"3"
266;350571.11;5776170.97;71.20;6.81757247;52.11585754;71.20;1.60;0.00;0.00;2024/12/05 13:12:53;"pstr";54.00;-9999.00;"3"
267;350575.80;5776168.63;71.70;6.81764197;52.11583774;71.70;1.60;0.00;0.00;2024/12/05 13:13:37;"ps";84.00;-9999.00;"1"
268;350580.90;5776158.89;86.60;6.81772067;52.11575164;86.60;1.70;0.00;0.00;2024/12/05 13:14:34;"pstr";32.00;-9999.00;"3"
269;350579.62;5776159.87;85.90;6.81770150;52.11576010;85.90;1.90;0.00;0.00;2024/12/05 13:15:07;"ps";121.00;-9999.00;"1"
270;350579.67;5776160.42;83.20;6.81770200;52.11576504;83.20;1.80;0.00;0.00;2024/12/05 13:15:36;"pstr";103.00;-9999.00;"2"
271;350580.74;5776161.27;79.70;6.81771732;52.11577295;79.70;1.80;0.00;0.00;2024/12/05 13:16:15;"bpe";56.00;-9999.00;"1"
272;350579.16;5776158.72;79.50;6.81769527;52.11574962;79.50;1.60;0.00;0.00;2024/12/05 13:16:58;"pa";37.00;-9999.00;"3"
273;350580.74;5776156.21;75.70;6.81771948;52.11572752;75.70;1.70;0.00;0.00;2024/12/05 13:17:29;"pstr";32.00;-9999.00;"3"
274;350581.07;5776155.27;76.40;6.81772473;52.11571917;76.40;1.90;0.00;0.00;2024/12/05 13:17:54;"pstr";28.00;-9999.00;"3"
275;350581.66;5776155.61;75.90;6.81773312;52.11572237;75.90;1.90;0.00;0.00;2024/12/05 13:18:19;"pstr";32.00;-9999.00;"4"
276;350582.99;5776155.10;76.00;6.81775285;52.11571817;76.00;1.70;0.00;0.00;2024/12/05 13:18:48;"pstr";37.00;-9999.00;"4"
277;350584.16;5776155.71;76.60;6.81776953;52.11572392;76.60;1.60;0.00;0.00;2024/12/05 13:19:36;"pstr";79.00;-9999.00;"3"
278;350586.28;5776155.93;76.10;6.81780038;52.11572650;76.10;1.60;0.00;0.00;2024/12/05 13:20:25;"bpe";76.00;-9999.00;"1"
279;350589.62;5776160.21;76.70;6.81784725;52.11576587;76.70;1.60;0.00;0.00;2024/12/05 13:21:37;"bpe";114.00;-9999.00;"1"
280;350587.94;5776161.36;77.40;6.81782230;52.11577572;77.40;1.60;0.00;0.00;2024/12/05 13:22:13;"bpe";79.00;-9999.00;"1"
281;350576.87;5776168.49;72.70;6.81765765;52.11583682;72.70;2.00;0.00;0.00;2024/12/05 13:23:14;"pstr";74.00;-9999.00;"2"
282;350579.87;5776166.34;79.60;6.81770228;52.11581829;79.60;1.90;0.00;0.00;2024/12/05 13:23:43;"pstr";39.00;-9999.00;"3"
283;350583.86;5776173.60;80.80;6.81775738;52.11588455;80.80;1.80;0.00;0.00;2024/12/05 13:24:15;"pstr";67.00;-9999.00;"3"
284;350588.05;5776174.84;77.10;6.81781798;52.11589689;77.10;1.70;0.00;0.00;2024/12/05 13:25:27;"ps";86.00;-9999.00;"1"
285;350589.01;5776173.65;75.60;6.81783252;52.11588644;75.60;1.70;0.00;0.00;2024/12/05 13:25:58;"";55.00;-9999.00;"3"
286;350589.16;5776176.43;77.50;6.81783343;52.11591144;77.50;1.80;0.00;0.00;2024/12/05 13:27:15;"pstr";66.00;-9999.00;"3"
